tconst,num_seasons,num_episodes,long.x,originalTitle,startYear,endYear,long.y,averageRating,numVotes
tt0040053,9,1070,1,Toast of the Town,1948,1971,1,7.9,1514
tt0041038,5,221,1,The Lone Ranger,1949,1957,1,7.7,2757
tt0042111,8,292,1,The George Burns and Gracie Allen Show,1950,1958,1,8.6,1503
tt0042116,9,261,1,The Jack Benny Program,1950,1965,1,8.6,1591
tt0042168,9,877,1,What's My Line?,1950,1967,1,8.5,1722
tt0043194,8,276,1,Dragnet,1951,1959,1,7.5,2284
tt0043208,6,181,1,I Love Lucy,1951,1957,1,8.5,28103
tt0043224,9,659,1,The Red Skelton Show,1951,2016,1,8.1,1346
tt0044230,9,436,1,The Adventures of Ozzie and Harriet,1952,1966,1,7.4,1530
tt0044231,6,104,1,Adventures of Superman,1952,1958,1,7.7,4291
tt0044265,50,10527,1,The Guiding Light,1952,2009,1,6.5,1802
tt0045410,9,343,1,Make Room for Daddy,1953,1965,1,7.1,1195
tt0046593,9,737,1,Disneyland,1954,1997,1,8.4,2194
tt0046600,6,204,1,Father Knows Best,1954,1960,1,7.4,2532
tt0046617,9,591,1,Lassie,1954,1974,1,6.5,3662
tt0047708,7,268,1,Alfred Hitchcock Presents,1955,1962,1,8.5,18652
tt0047718,26,1272,1,Captain Kangaroo,1955,1992,1,8,1531
tt0047720,7,108,1,Cheyenne,1955,1963,1,8,1951
tt0047736,9,635,1,Gunsmoke,1955,1975,1,8.1,8246
tt0047750,6,226,1,The Life and Legend of Wyatt Earp,1955,1961,1,7.6,1064
tt0048845,6,10345,1,As the World Turns,1956,2010,1,6.2,2213
tt0050025,6,225,1,Have Gun - Will Travel,1957,1963,1,8.4,3149
tt0050032,6,236,1,Leave It to Beaver,1957,1963,1,7.6,9010
tt0050037,5,124,1,Maverick,1957,1962,1,8,3497
tt0050051,9,271,1,Perry Mason,1957,1966,1,8.3,10929
tt0050053,6,225,1,The Real McCoys,1957,1963,1,7.6,1231
tt0050066,6,201,1,Tales of Wells Fargo,1957,1962,1,7.9,1115
tt0050073,8,284,1,Wagon Train,1957,1965,1,7.5,3576
tt0051247,6,206,1,77 Sunset Strip,1958,1964,1,7.7,1577
tt0051267,8,275,1,The Donna Reed Show,1958,1966,1,7.4,1805
tt0051308,5,168,1,The Rifleman,1958,1963,1,8.3,4734
tt0052451,9,430,1,Bonanza,1959,1973,1,7.3,10461
tt0052504,8,217,1,Rawhide,1959,1965,1,8,4402
tt0052507,5,163,1,Rocky and His Friends,1959,1963,1,7.8,4452
tt0052520,5,156,1,The Twilight Zone,1959,1964,1,9.1,89568
tt0053479,8,249,1,The Andy Griffith Show,1960,1968,1,8.4,16319
tt0053502,6,167,1,The Flintstones,1960,1966,1,7.5,39739
tt0053525,9,380,1,My Three Sons,1960,1972,1,7.1,4225
tt0054518,7,161,1,The Avengers,1961,1969,1,8.3,8560
tt0054533,5,158,1,The Dick Van Dyke Show,1961,1966,1,8.4,11478
tt0054545,5,154,1,Hazel,1961,1966,1,7.2,2022
tt0054557,6,145,1,Mister Ed,1961,1966,1,6.9,4518
tt0055662,9,274,1,The Beverly Hillbillies,1962,1971,1,7.2,10610
tt0055666,5,152,1,Combat!,1962,1967,1,8.4,3004
tt0055686,6,156,1,The Lucy Show,1962,1968,1,7.2,3036
tt0055701,6,118,1,The Saint,1962,1969,1,7.5,5973
tt0055708,9,9812,1,The Tonight Show Starring Johnny Carson,1962,1992,1,8.5,4136
tt0055710,9,249,1,The Virginian,1962,1971,1,7.6,3032
tt0056751,9,695,1,Doctor Who,1963,1989,1,8.4,38473
tt0056780,7,222,1,Petticoat Junction,1963,1970,1,7,3481
tt0057733,8,254,1,Bewitched,1964,1972,1,7.6,23453
tt0057742,6,165,1,Daniel Boone,1964,1970,1,7.3,2247
tt0057752,5,150,1,Gomer Pyle: USMC,1964,1969,1,7,4036
tt0057785,8,57,1,Steptoe and Son,1962,1974,1,7.8,3312
tt0058797,9,263,1,The Dean Martin Show,1965,1974,1,8.1,1394
tt0058801,9,241,1,The F.B.I.,1965,1974,1,7.4,1230
tt0058805,5,139,1,Get Smart,1965,1970,1,8.2,13396
tt0058808,6,170,1,Green Acres,1965,1971,1,7.3,7373
tt0058812,6,168,1,Hogan's Heroes,1965,1971,1,7.8,11751
tt0058815,5,139,1,I Dream of Jeannie,1965,1970,1,7.4,16885
tt0059982,5,138,1,Family Affair,1966,1971,1,7,3132
tt0060009,7,171,1,Mission: Impossible,1966,1973,1,7.9,10905
tt0060034,5,137,1,That Girl,1966,1971,1,7.2,3108
tt0061240,9,286,1,The Carol Burnett Show,1967,1978,1,8.7,7016
tt0061266,8,195,1,Ironside,1967,1975,1,6.9,3911
tt0061277,8,194,1,Mannix,1967,1975,1,7.4,4018
tt0062539,7,174,1,Adam-12,1968,1975,1,7.7,4738
tt0062552,9,80,1,Dad's Army,1968,1977,1,8.1,6967
tt0062568,9,281,1,Hawaii Five-O,1968,1980,1,7.4,7848
tt0062570,6,144,1,Here's Lucy,1968,1974,1,6.9,1733
tt0062588,9,896,1,Mister Rogers' Neighborhood,1968,2001,1,8.7,9305
tt0062589,5,123,1,The Mod Squad,1968,1973,1,6.9,2231
tt0062595,43,4673,1,One Life to Live,1968,2013,1,6.9,2572
tt0062601,6,141,1,Laugh-In,1967,1973,1,8,3482
tt0063869,9,59,1,The Benny Hill Show,1969,1989,1,7.6,5347
tt0063878,5,117,1,The Brady Bunch,1969,1974,1,6.8,15197
tt0063908,9,368,1,Hee Haw,1969,1997,1,7,1734
tt0063925,5,109,1,"Love, American Style",1969,1974,1,6.8,2375
tt0063927,7,170,1,"Marcus Welby, M.D.",1969,1976,1,7,1718
tt0063930,9,70,1,The Morecambe & Wise Show,1968,1977,1,8.1,1032
tt0063936,7,74,1,On the Buses,1969,1973,1,7,2551
tt0063948,5,113,1,Room 222,1969,1974,1,7.7,1131
tt0063951,9,3090,1,Sesame Street,1969,Ongoing,1,8.1,14852
tt0065272,39,9691,1,All My Children,1970,2011,1,6.8,3143
tt0065296,9,76,1,The Goodies,1970,1982,1,7.7,1823
tt0065314,7,168,1,Mary Tyler Moore,1970,1977,1,8.3,9803
tt0065317,7,46,1,McCloud,1970,1977,1,6.9,3601
tt0065323,9,881,1,NFL Monday Night Football,1970,Ongoing,1,8.2,1531
tt0065329,5,114,1,The Odd Couple,1970,1975,1,7.9,6924
tt0066626,9,207,1,All in the Family,1971,1979,1,8.4,17987
tt0066633,6,65,1,Bless This House,1971,1976,1,6.9,1035
tt0066636,5,120,1,Cannon,1971,1976,1,6.8,3477
tt0066651,6,780,1,The Electric Company,1971,1977,1,8.1,2223
tt0066685,6,40,1,McMillan & Wife,1971,1977,1,7.2,2877
tt0066721,9,93,1,The Two Ronnies,1971,1987,1,7.8,3486
tt0066722,5,68,1,"Upstairs, Downstairs",1971,1975,1,8.4,3440
tt0068040,9,69,1,Are You Being Served?,1972,1985,1,8,8924
tt0068049,6,142,1,The Bob Newhart Show,1972,1978,1,8.1,6468
tt0068067,7,131,1,Emergency!,1972,1979,1,7.9,5779
tt0068072,8,86,1,Fat Albert and the Cosby Kids,1972,1985,1,6.7,2545
tt0068098,9,251,1,M*A*S*H,1972,1983,1,8.5,61387
tt0068103,6,141,1,Maude,1972,1978,1,7.3,4533
tt0068120,9,9516,1,The New Price Is Right,1972,Ongoing,1,7.5,4168
tt0068128,6,137,1,Sanford and Son,1972,1978,1,7.9,10362
tt0068135,5,120,1,The Streets of San Francisco,1972,1977,1,7.3,6529
tt0068149,9,212,1,The Waltons,1972,1981,1,7.6,8651
tt0069557,8,178,1,Barnaby Jones,1973,1980,1,6.9,2939
tt0069599,5,117,1,Kojak,1973,1978,1,7.1,8468
tt0069602,9,294,1,Last of the Summer Wine,1973,2010,1,7.1,3494
tt0069607,6,39,1,Man About the House,1973,1976,1,7.2,1506
tt0069608,9,1440,1,Match Game 73,1973,1990,1,8.3,2405
tt0069620,6,97,1,Police Story,1973,1980,1,7.5,1101
tt0069627,7,65,1,Schoolhouse Rock!,1973,2009,1,8.2,4225
tt0069641,9,93,1,Super Friends,1973,1985,1,7.2,4431
tt0070981,9,281,1,Derrick,1974,1998,1,6.6,1753
tt0070991,6,133,1,Good Times,1974,1979,1,7.4,7802
tt0070992,9,255,1,Happy Days,1974,1984,1,7.4,20340
tt0071007,9,204,1,Little House on the Prairie,1974,1983,1,7.5,25585
tt0071040,5,109,1,Rhoda,1974,1978,1,6.8,2821
tt0071042,6,119,1,The Rockford Files,1974,1980,1,8.2,10287
tt0071054,5,99,1,The Six Million Dollar Man,1974,1978,1,7.1,12333
tt0072472,8,171,1,Barney Miller,1975,1982,1,8.3,7020
tt0072506,49,5031,1,Good Morning America,1975,Ongoing,1,4.5,1961
tt0072519,9,253,1,The Jeffersons,1975,1985,1,7.5,10246
tt0072554,9,209,1,One Day at a Time,1975,1984,1,6.6,5010
tt0072562,9,953,1,Saturday Night Live,1975,Ongoing,1,8,51148
tt0072584,9,7791,1,Wheel of Fortune,1983,Ongoing,1,6.7,3458
tt0073955,9,202,1,Alice,1976,1985,1,6.8,5275
tt0073972,5,110,1,Charlie's Angels,1976,1981,1,6.5,13840
tt0073991,9,2344,1,Family Feud,1976,1985,1,7.1,2340
tt0073992,5,86,1,Family,1976,1980,1,7.7,1933
tt0073995,5,38,1,George & Mildred,1976,1979,1,7.2,1638
tt0074007,6,144,1,In Search of...,1977,1982,1,8.5,1082
tt0074016,8,178,1,Laverne & Shirley,1976,1983,1,7,8479
tt0074028,5,120,1,The Muppet Show,1976,1981,1,8.4,25710
tt0074035,8,91,1,The Onedin Line,1971,1980,1,7.6,1073
tt0074042,8,148,1,Quincy M.E.,1976,1983,1,7.3,6989
tt0075472,7,90,1,All Creatures Great & Small,1978,1990,1,8.4,4136
tt0075488,6,139,1,CHiPs,1977,1983,1,6.4,10941
tt0075500,5,112,1,Eight Is Enough,1977,1981,1,6.6,3605
tt0075512,9,601,1,Grange Hill,1978,2008,1,7.1,1590
tt0075528,5,114,1,Lou Grant,1977,1982,1,7.3,2308
tt0075529,9,250,1,The Love Boat,1977,1987,1,6.2,12954
tt0075561,5,57,1,The Professionals,1977,1983,1,8,3482
tt0075592,9,112,1,Tales of the Unexpected,1979,1988,1,7.6,2347
tt0075596,8,174,1,Three's Company,1976,1984,1,7.5,16213
tt0077000,9,356,1,Dallas,1978,1991,1,7.1,15994
tt0077003,8,181,1,Diff'rent Strokes,1978,1986,1,6.6,12088
tt0077008,7,154,1,Fantasy Island,1977,1984,1,6.6,8691
tt0077031,5,82,1,The Incredible Hulk,1977,1982,1,7,15484
tt0077064,8,692,1,Prisoner,1979,1986,1,8.1,2137
tt0077089,5,114,1,Taxi,1978,1983,1,7.7,15143
tt0078569,7,159,1,Benson,1979,1986,1,7.1,3953
tt0078607,7,146,1,The Dukes of Hazzard,1979,1985,1,7.1,14912
tt0078610,9,201,1,The Facts of Life,1979,1988,1,6.8,8207
tt0078622,5,111,1,Hart to Hart,1979,1984,1,6.7,8475
tt0078638,9,344,1,Knots Landing,1979,1993,1,6.9,3071
tt0078644,6,114,1,The Littlest Hobo,1979,1985,1,7.7,1280
tt0078657,9,109,1,Minder,1979,1994,1,7.8,2696
tt0078680,7,43,1,Rumpole of the Bailey,1978,1992,1,8.4,1614
tt0078704,7,151,1,"Trapper John, M.D.",1979,1986,1,6.6,2140
tt0078714,9,145,1,You Can't Do That on Television,1979,2004,1,8.1,2527
tt0080233,6,120,1,It's a Living,1980,1989,1,7,1183
tt0080240,8,158,1,"Magnum, P.I.",1980,1988,1,7.5,27929
tt0080299,6,129,1,Too Close for Comfort,1980,1987,1,6.6,2615
tt0081831,9,87,1,Bergerac,1981,1991,1,6.8,2119
tt0081848,9,93,1,Danger Mouse,1981,1992,1,7.4,3807
tt0081856,9,220,1,Dynasty,1981,1989,1,6.3,8100
tt0081857,8,5458,1,Entertainment Tonight,1981,Ongoing,1,3.6,2688
tt0081858,9,228,1,Falcon Crest,1981,1990,1,6.2,4137
tt0081859,5,112,1,The Fall Guy,1981,1986,1,7.1,8461
tt0081869,6,137,1,Gimme a Break!,1981,1987,1,6.4,3568
tt0081873,7,144,1,Hill Street Blues,1981,1987,1,8.2,10105
tt0081878,8,56,1,It Ain't Half Hot Mum,1974,1981,1,7.2,1719
tt0081883,5,45,1,The Kenny Everett Television Show,1981,1988,1,7.2,1018
tt0081912,9,64,1,Only Fools and Horses....,1981,2003,1,9,54942
tt0081930,8,156,1,Simon & Simon,1981,1989,1,7,5871
tt0081933,9,259,1,Smurfs,1981,1989,1,7.2,20234
tt0081954,9,195,1,Urusei yatsura,1981,1986,1,7.5,1195
tt0083395,7,126,1,Cagney & Lacey,1981,1988,1,6.8,4770
tt0083399,9,271,1,Cheers,1982,1993,1,8,59606
tt0083402,9,42,1,The Comic Strip Presents...,1982,Ongoing,1,7.8,1564
tt0083412,6,136,1,Fame,1982,1987,1,7,4256
tt0083413,7,172,1,Family Ties,1982,1989,1,7.3,19615
tt0083441,9,3172,1,Late Night with David Letterman,1982,1993,1,7.5,4867
tt0083455,8,184,1,Newhart,1982,1990,1,7.8,7671
tt0083470,5,94,1,Remington Steele,1982,1987,1,7.2,9571
tt0083475,5,62,1,Scooby-Doo and Scrappy-Doo,1979,1983,1,6.3,4334
tt0083479,5,116,1,Silver Spoons,1982,1987,1,6.1,4818
tt0083483,6,137,1,St. Elsewhere,1982,1988,1,8,4966
tt0083486,5,90,1,T.J. Hooker,1982,1986,1,6,4896
tt0084967,5,97,1,The A-Team,1983,1987,1,7.5,40673
tt0084972,8,102,1,Alvin & the Chipmunks,1983,1990,1,6.6,3463
tt0084987,9,2405,1,The Bill,1984,2010,1,6.7,3949
tt0085017,5,96,1,Fraggle Rock,1983,1987,1,7.9,8118
tt0085031,6,85,1,The Hitchhiker,1983,1991,1,6.8,1798
tt0085032,5,116,1,Hotel,1983,1988,1,6.4,1803
tt0085050,6,130,1,Mama's Family,1983,1990,1,7.3,6333
tt0085075,9,161,1,Reading Rainbow,1983,2006,1,8.4,4986
tt0085109,6,150,1,Webster,1983,1989,1,5.7,3179
tt0086659,9,85,1,'Allo 'Allo!,1982,1992,1,8.4,26442
tt0086665,5,40,1,"Auf Wiedersehen, Pet",1983,2004,1,8.5,3851
tt0086681,5,126,1,Charles in Charge,1984,1990,1,6.1,6453
tt0086687,8,197,1,The Cosby Show,1984,1992,1,7.4,35588
tt0086708,5,27,1,Ever Decreasing Circles,1984,1989,1,7.3,1304
tt0086730,5,111,1,Highway to Heaven,1984,1989,1,6.8,6175
tt0086734,7,152,1,Hunter,1984,1991,1,6.9,5380
tt0086742,6,122,1,Kate & Allie,1984,1989,1,6.9,2249
tt0086744,9,147,1,Kids Incorporated,1984,1993,1,7.2,1065
tt0086759,5,111,1,Miami Vice,1984,1989,1,7.5,28856
tt0086764,8,107,1,Muppet Babies,1984,1991,1,7.5,5443
tt0086765,9,264,1,"Murder, She Wrote",1984,1996,1,7.2,27639
tt0086770,9,193,1,Night Court,1984,1992,1,7.7,17018
tt0086779,9,48,1,La piovra,1984,2001,1,8.4,3814
tt0086807,9,135,1,Spitting Image,1984,1996,1,7.4,2430
tt0086815,9,589,1,Thomas the Tank Engine & Friends,1984,2021,1,6.5,5988
tt0086827,8,196,1,Who's the Boss?,1984,1992,1,6.6,14798
tt0088470,5,116,1,227,1985,1990,1,6.7,3815
tt0088475,9,66,1,Alas Smith & Jones,1984,1998,1,7.4,1880
tt0088526,7,177,1,The Golden Girls,1985,1992,1,8.2,45280
tt0088527,7,167,1,Growing Pains,1985,1992,1,6.6,15933
tt0088528,6,67,1,Adventures of the Gummi Bears,1985,1991,1,7.5,11574
tt0088559,7,139,1,MacGyver,1985,1992,1,7.6,40997
tt0088571,5,66,1,Moonlighting,1985,1989,1,7.6,22551
tt0088576,6,118,1,Mr. Belvedere,1985,1990,1,6.5,4834
tt0088591,6,65,1,The Ray Bradbury Theater,1985,1992,1,7.3,1622
tt0088621,9,177,1,Taggart,1983,2010,1,7.3,1888
tt0090395,5,110,1,Amen,1986,1991,1,6.8,2227
tt0090402,7,74,1,Bread,1986,1991,1,6.3,1478
tt0090405,7,34,1,The Bugs Bunny and Tweety Show,1986,2000,1,7.8,3418
tt0090417,5,70,1,Degrassi Junior High,1987,1991,1,8.2,3099
tt0090418,7,163,1,Designing Women,1986,1993,1,7.2,6686
tt0090444,5,114,1,Head of the Class,1986,1991,1,6.6,3228
tt0090466,8,171,1,L.A. Law,1986,1994,1,7.1,6047
tt0090477,6,73,1,Lovejoy,1986,1994,1,7.9,3719
tt0090481,9,181,1,Matlock,1986,1995,1,7.1,8812
tt0090493,9,5869,1,The Oprah Winfrey Show,1986,2011,1,5.1,5353
tt0090500,5,45,1,Pee-wee's Playhouse,1986,1991,1,8.1,5168
tt0090501,8,151,1,Perfect Strangers,1986,1993,1,7.2,10751
tt0090506,7,140,1,The Real Ghost Busters,1986,1991,1,7.6,10620
tt0090523,9,1175,1,Siskel & Ebert & the Movies,1986,2010,1,8.6,2235
tt0090540,6,110,1,Valerie,1986,1991,1,6.6,1907
tt0091211,6,152,1,Hokuto no Ken,1984,1988,1,8.2,3444
tt0092312,5,102,1,21 Jump Street,1987,1991,1,7.2,13635
tt0092322,9,1250,1,Biography,1987,Ongoing,1,7.7,2062
tt0092339,6,144,1,A Different World,1987,1993,1,7,7611
tt0092355,6,52,1,French and Saunders,1987,2017,1,7.6,3640
tt0092359,8,193,1,Full House,1987,1995,1,6.8,61555
tt0092379,8,33,1,Inspector Morse,1987,2000,1,8.2,13707
tt0092381,5,103,1,Jake and the Fatman,1987,1992,1,6.4,3136
tt0092400,9,263,1,Married with Children,1987,1997,1,8.1,108576
tt0092455,7,176,1,Star Trek: The Next Generation,1987,1994,1,8.7,130879
tt0094415,9,772,1,America's Most Wanted,1988,2013,1,7.2,2195
tt0094416,9,380,1,American Experience,1987,Ongoing,1,8.6,2110
tt0094455,7,170,1,Empty Nest,1988,1995,1,6.6,3799
tt0094460,6,1123,1,Family Feud,1988,1995,1,6.6,1048
tt0094469,7,122,1,Garfield and Friends,1988,1995,1,7.2,12665
tt0094484,8,146,1,In the Heat of the Night,1988,1995,1,7.6,5855
tt0094514,9,260,1,Murphy Brown,1988,2018,1,6.9,10327
tt0094517,9,199,1,Mystery Science Theater 3000,1988,1999,1,8.6,25427
tt0094525,9,70,1,Poirot,1989,2013,1,8.6,49685
tt0094535,9,73,1,Red Dwarf,1988,Ongoing,1,8.4,36629
tt0094540,9,230,1,Roseanne,1988,2018,1,7,45279
tt0094574,9,608,1,Unsolved Mysteries,1987,2010,1,8.3,6406
tt0094580,9,136,1,Whose Line Is It Anyway?,1988,1999,1,8.2,5832
tt0094582,6,115,1,The Wonder Years,1988,1993,1,8.4,39707
tt0096532,8,158,1,American Gladiators,1989,1996,1,6.6,3125
tt0096542,9,242,1,Baywatch,1989,2001,1,5.4,29458
tt0096545,9,129,1,Birds of a Feather,1989,2020,1,6.2,2373
tt0096555,9,1315,1,Casualty,1986,Ongoing,1,6.1,3544
tt0096560,9,199,1,Coach,1989,1997,1,7,8023
tt0096563,9,1096,1,Cops,1989,2023,1,6.9,6928
tt0096565,5,31,1,The Detectives,1993,1997,1,7.4,1575
tt0096579,9,215,1,Family Matters,1989,1998,1,6.6,29202
tt0096597,9,6810,1,"Goede tijden, slechte tijden",1990,Ongoing,1,3.5,1426
tt0096610,5,65,1,Hey Dude,1989,1991,1,7.2,3346
tt0096626,5,111,1,The Kids in the Hall,1988,2021,1,8.4,10884
tt0096636,9,4753,1,Live with Kelly and Mark,1988,Ongoing,1,4.6,2244
tt0096679,5,43,1,Press Gang,1989,1993,1,8,1052
tt0096684,5,97,1,Quantum Leap,1989,1993,1,8.2,35169
tt0096685,7,144,1,Ranma ½: Nettô-hen,1989,1992,1,8.1,1706
tt0096688,7,186,1,Rescue 911,1989,1996,1,7.5,1030
tt0096697,9,755,1,The Simpsons,1989,Ongoing,1,8.7,425103
tt0096708,7,93,1,Tales from the Crypt,1989,1996,1,8,26180
tt0098740,9,879,1,America's Funniest Home Videos,1989,Ongoing,1,6.2,5657
tt0098749,9,292,1,"Beverly Hills, 90210",1990,2000,1,6.5,36474
tt0098763,6,113,1,Captain Planet and the Planeteers,1990,1996,1,6.7,12336
tt0098774,9,129,1,The Crystal Maze,1990,2020,1,8.1,1802
tt0098780,6,119,1,Dream On,1990,1996,1,7.6,3671
tt0098781,6,66,1,Drop the Dead Donkey,1990,1998,1,8,1515
tt0098800,6,148,1,The Fresh Prince of Bel-Air,1990,1996,1,7.9,141525
tt0098820,9,602,1,Have I Got News for You,1990,Ongoing,1,7.9,5354
tt0098830,5,127,1,In Living Color,1990,1994,1,8.1,12336
tt0098837,5,44,1,Keeping Up Appearances,1990,1995,1,7.8,17260
tt0098844,9,488,1,Law & Order,1990,Ongoing,1,7.8,42203
tt0098878,6,110,1,Northern Exposure,1990,1995,1,8.4,18357
tt0098882,6,44,1,One Foot in the Grave,1990,2001,1,7.9,7081
tt0098900,7,94,1,Road to Avonlea,1990,1996,1,8.5,4704
tt0098904,9,173,1,Seinfeld,1989,1998,1,8.9,339289
tt0098911,9,4303,1,Shortland Street,1992,Ongoing,1,4.5,1030
tt0098945,5,47,1,Waiting for God,1990,1994,1,7.8,1935
tt0098948,8,172,1,Wings,1990,1997,1,7.3,13980
tt0100366,6,158,1,Pingu,1980,2006,1,7.4,7927
tt0101032,8,56,1,2point4 Children,1991,1999,1,6.9,1639
tt0101050,5,114,1,Blossom,1990,1995,1,6.1,8981
tt0101054,7,52,1,The Brittas Empire,1991,1997,1,7.1,3659
tt0101065,5,66,1,Clarissa Explains It All,1991,1994,1,7.1,9451
tt0101069,5,93,1,The Commish,1991,1996,1,7.1,2450
tt0101084,5,56,1,Doug,1991,1994,1,7.4,19713
tt0101114,9,372,1,Heartbeat,1992,2010,1,6.8,3819
tt0101120,8,203,1,Home Improvement,1991,1999,1,7.2,47557
tt0101143,7,45,1,Men Behaving Badly,1992,2014,1,7.7,8511
tt0101177,9,305,1,The Red Green Show,1991,2006,1,8.1,2822
tt0101178,5,55,1,The Ren & Stimpy Show,1991,1996,1,7.5,24110
tt0101188,9,178,1,Rugrats,1991,2006,1,7.4,37403
tt0101198,8,176,1,Silk Stalkings,1991,1999,1,6.5,3098
tt0101199,6,127,1,Sisters,1991,1996,1,7.5,2212
tt0101205,7,160,1,Step by Step,1991,1998,1,6.5,15678
tt0103352,7,91,1,Are You Afraid of the Dark?,1990,2000,1,8.2,15781
tt0103357,9,135,1,Bassie & Adriaan,1978,1996,1,7.5,1002
tt0103369,5,200,1,Bishôjo senshi Sêrâ Mûn,1992,1997,1,7.7,7126
tt0103373,7,81,1,Bobby's World,1990,1998,1,7.2,4774
tt0103380,5,78,1,California Dreams,1992,1997,1,7,1837
tt0103396,9,1340,1,Dateline NBC,1992,Ongoing,1,7.2,3221
tt0103405,6,149,1,"Dr. Quinn, Medicine Woman",1993,1998,1,6.8,13196
tt0103408,5,79,1,Eek! the Cat,1992,1997,1,7.2,3271
tt0103435,5,101,1,Hangin' with Mr. Cooper,1992,1997,1,6.4,3472
tt0103442,6,119,1,Highlander,1992,1998,1,7.2,17185
tt0103466,6,89,1,The Larry Sanders Show,1992,1998,1,8.5,9097
tt0103484,8,174,1,Mad About You,1992,2019,1,6.7,24628
tt0103488,5,134,1,Martin,1992,1997,1,7.5,10374
tt0103491,7,219,1,Melrose Place,1992,1999,1,5.9,12911
tt0103520,9,654,1,The Real World,1992,Ongoing,1,5.2,4198
tt0103522,5,66,1,Red Shoe Diaries,1992,1999,1,5.7,1211
tt0103523,9,318,1,Rederiet,1992,2002,1,6.4,1315
tt0103524,5,110,1,Renegade,1992,1997,1,5.9,5614
tt0103569,9,4642,1,The Tonight Show with Jay Leno,1992,2014,1,5.3,10801
tt0103584,5,76,1,X-Men,1992,1997,1,8.4,45774
tt0105929,6,39,1,Absolutely Fabulous,1992,2012,1,8.2,20911
tt0105941,5,99,1,Animaniacs,1993,1998,1,7.9,25204
tt0105943,9,67,1,As Time Goes By,1992,2005,1,8.3,4755
tt0105946,5,111,1,Babylon 5,1993,1998,1,8.4,33655
tt0105950,8,209,1,Beavis and Butt-Head,1993,2011,1,7.5,33556
tt0105958,7,158,1,Boy Meets World,1993,2000,1,8.1,45290
tt0105986,8,178,1,Diagnosis Murder,1993,2001,1,6.8,8323
tt0105999,5,62,1,Flodder,1993,1999,1,6.8,1797
tt0106004,9,263,1,Frasier,1993,2004,1,8.2,90334
tt0106014,7,59,1,Goodnight Sweetheart,1993,2016,1,7.4,3143
tt0106017,5,112,1,Grace Under Fire,1993,1998,1,6.4,4346
tt0106028,7,122,1,Homicide: Life on the Street,1993,1999,1,8.7,13609
tt0106052,9,2766,1,Late Night with Conan O'Brien,1993,2009,1,8.2,18659
tt0106053,9,6693,1,Late Show with David Letterman,1993,2015,1,7,14106
tt0106056,5,119,1,Living Single,1993,1998,1,7.6,6282
tt0106072,8,141,1,Mot i brøstet,1993,1997,1,6.4,1135
tt0106079,9,261,1,NYPD Blue,1993,2005,1,7.7,15579
tt0106080,6,145,1,The Nanny,1993,1999,1,7.1,47128
tt0106099,5,68,1,La petite vie,1993,2023,1,8.6,1163
tt0106102,5,40,1,Pie in the Sky,1994,1997,1,7.7,1949
tt0106110,5,65,1,Ready or Not,1993,1997,1,6.8,2539
tt0106123,7,143,1,Saved by the Bell: The New Class,1993,2000,1,3.9,2202
tt0106131,8,70,1,Shooting Stars,1993,2011,1,7.7,2767
tt0106145,7,173,1,Star Trek: Deep Space Nine,1993,1999,1,8.1,68276
tt0106168,9,196,1,"Walker, Texas Ranger",1993,2001,1,5.6,18196
tt0106172,5,296,1,Where in the World Is Carmen Sandiego?,1991,1996,1,7.6,2894
tt0106179,9,217,1,The X Files,1993,2018,1,8.6,239951
tt0108709,9,510,1,Blue Heelers,1994,2006,1,7,1593
tt0108724,6,141,1,Chicago Hope,1994,2000,1,6.8,4544
tt0108757,9,331,1,ER,1994,2009,1,7.9,65360
tt0108761,5,108,1,Ellen,1994,1998,1,6.1,6156
tt0108778,9,234,1,Friends,1994,2004,1,8.9,1048099
tt0108800,7,210,1,Heartbreak High,1994,1999,1,7.8,3449
tt0108826,6,27,1,Kavanagh QC,1995,2001,1,7.7,1023
tt0108829,9,119,1,Kommissar Rex,1994,2004,1,7.1,6007
tt0108894,6,143,1,Party of Five,1994,2000,1,6.8,10948
tt0108897,9,2267,1,Politically Incorrect,1993,2002,1,6.7,1386
tt0108927,6,119,1,"Sister, Sister",1994,1999,1,6.3,13400
tt0108937,9,117,1,Space Ghost Coast to Coast,1993,2012,1,7.9,7544
tt0108961,9,303,1,Time Team,1994,Ongoing,1,8.5,1689
tt0108967,9,42,1,A Touch of Frost,1992,2010,1,7.9,8416
tt0108968,9,211,1,Touched by an Angel,1994,2003,1,6,7718
tt0108988,5,88,1,Weird Science,1994,1998,1,6.8,3929
tt0108992,5,38,1,Wycliffe,1993,1998,1,7.2,1007
tt0111875,9,216,1,All That,1994,2020,1,7.5,8100
tt0111887,9,124,1,Baantjer,1995,2006,1,7.1,1344
tt0111942,6,81,1,"Dr. Katz, Professional Therapist",1995,2002,1,7.6,5907
tt0111945,9,233,1,The Drew Carey Show,1995,2004,1,6.9,18839
tt0111973,5,65,1,Fushigi Yûgi,1995,2002,1,7.8,1040
tt0111999,6,111,1,Hercules: The Legendary Journeys,1995,1999,1,6.5,31142
tt0112015,5,76,1,In the House,1995,1999,1,6.8,1350
tt0112022,9,227,1,JAG,1995,2005,1,6.7,19469
tt0112056,9,329,1,MADtv,1995,2016,1,7.2,11638
tt0112095,5,97,1,NewsRadio,1995,1999,1,8,16868
tt0112111,7,152,1,The Outer Limits,1995,2002,1,7.7,13358
tt0112112,5,101,1,Pacific Blue,1996,2000,1,5.5,3474
tt0112115,5,90,1,The Parent 'Hood,1995,1999,1,7,1239
tt0112166,5,114,1,Sureiyâzu,1995,2009,1,7.5,2346
tt0112167,5,87,1,Sliders,1995,2000,1,7.4,19835
tt0112175,5,65,1,Spider-Man,1994,1998,1,8.4,34066
tt0112178,7,168,1,Star Trek: Voyager,1995,2001,1,7.8,74677
tt0112186,5,52,1,The Sylvester & Tweety Mysteries,1995,2002,1,7,5189
tt0112193,9,154,1,They Think It's All Over,1995,2011,1,6.7,1262
tt0112206,5,100,1,Unhappily Ever After,1995,1999,1,6.9,3153
tt0112220,5,105,1,The Wayans Bros.,1995,2023,1,7.3,5490
tt0112230,6,134,1,Xena: Warrior Princess,1995,2001,1,6.7,47335
tt0115082,6,139,1,3rd Rock from the Sun,1996,2001,1,7.8,54508
tt0115083,9,243,1,7th Heaven,1996,2007,1,5.2,26546
tt0115088,9,382,1,Alarm für Cobra 11 - Die Autobahnpolizei,1996,Ongoing,1,6.3,5696
tt0115101,7,80,1,Arli$$,1996,2002,1,7.1,1563
tt0115105,6,58,1,Ballykissangel,1996,2001,1,7.5,1845
tt0115147,9,4187,1,The Daily Show,1996,Ongoing,1,8.3,47783
tt0115167,9,210,1,Everybody Loves Raymond,1996,2005,1,7.3,75074
tt0115200,5,103,1,Hey Arnold!,1996,2004,1,7.6,35646
tt0115221,5,100,1,The Jamie Foxx Show,1996,2023,1,6.7,3527
tt0115227,9,7282,1,Judge Judy,1996,2021,1,6,5431
tt0115275,6,127,1,Moesha,1996,2001,1,5.9,3999
tt0115285,6,122,1,Nash Bridges,1996,2001,1,6.8,7846
tt0115286,9,312,1,Never Mind the Buzzcocks,1996,2023,1,7.8,5976
tt0115338,6,2172,1,The Rosie O'Donnell Show,1996,2002,1,4.1,1548
tt0115341,7,163,1,Sabrina the Teenage Witch,1996,2003,1,6.7,41489
tt0115355,9,239,1,Silent Witness,1996,Ongoing,1,7.9,11666
tt0115369,6,145,1,Spin City,1996,2002,1,7.3,30000
tt0115372,6,122,1,The Steve Harvey Show,1996,2002,1,6.6,3298
tt0115417,6,177,1,Water Rats,1996,2001,1,6.9,1090
tt0118254,5,112,1,Ally McBeal,1997,2002,1,6.9,35422
tt0118276,7,145,1,Buffy the Vampire Slayer,1997,2003,1,8.3,155099
tt0118298,5,67,1,Daria,1997,2002,1,8.1,26552
tt0118300,6,128,1,Dawson's Creek,1998,2003,1,6.8,43566
tt0118303,5,119,1,Dharma & Greg,1997,2002,1,6.4,31602
tt0118363,5,32,1,Jonathan Creek,1997,2016,1,8.1,8649
tt0118364,7,149,1,Just Shoot Me!,1997,2003,1,6.9,21263
tt0118375,9,258,1,King of the Hill,1997,2010,1,7.5,56761
tt0118379,5,96,1,Nikita,1997,2001,1,7.4,10483
tt0118401,9,136,1,Midsomer Murders,1997,Ongoing,1,7.9,37188
tt0118421,6,56,1,Oz,1997,2003,1,8.7,104116
tt0118437,8,167,1,The Practice,1997,2004,1,7.7,10101
tt0118480,9,213,1,Stargate SG-1,1997,2007,1,8.4,98618
tt0118515,6,115,1,Win Ben Stein's Money,1997,2002,1,6.6,1530
tt0120974,27,3370,1,The Jerry Springer Show,1991,2018,1,3.7,4622
tt0120986,9,5054,1,The Maury Povich Show,1991,2022,1,4,2263
tt0121955,9,330,1,South Park,1997,Ongoing,1,8.7,395428
tt0123338,9,2159,1,60 Minutes,1968,Ongoing,1,7.5,4207
tt0123349,9,58,1,Hi-de-Hi!,1980,1988,1,6.7,1798
tt0123357,6,133,1,The People's Court,1997,2023,1,6.4,1122
tt0123366,7,3995,1,The View,1997,Ongoing,1,2.5,9057
tt0123816,5,110,1,Earth: Final Conflict,1997,2002,1,6.2,4660
tt0124932,7,1109,1,20/20,1978,Ongoing,1,6.7,2633
tt0125616,6,118,1,Double Dare,1986,1988,1,7.4,2139
tt0126170,6,129,1,Recess,1997,2001,1,7.8,27307
tt0127994,7,200,1,Figure It Out,1997,2013,1,7.1,1025
tt0128890,5,65,1,Pepper Ann,1997,2000,1,7.1,3920
tt0129709,9,67,1,Rab C. Nesbitt,1988,2014,1,7.5,1563
tt0129710,9,148,1,Room 101,1994,2018,1,6.5,1625
tt0131179,9,1123,1,Meitantei Conan,1996,Ongoing,1,8.5,14618
tt0131183,5,60,1,The Raccoons,1985,1992,1,7.4,2181
tt0131613,9,193,1,Teenage Mutant Ninja Turtles,1987,1996,1,7.9,36749
tt0133299,6,71,1,Desmond's,1989,1994,1,7.8,1034
tt0133302,9,823,1,Frontline,1983,Ongoing,1,8.6,2196
tt0135733,9,1770,1,Match of the Day,1964,Ongoing,1,8.6,2654
tt0136634,7,50,1,The Big Comfy Couch,1992,2013,1,7.1,1747
tt0136668,43,1708,1,SportsCenter,1979,Ongoing,1,8.1,2422
tt0137305,5,21,1,Goodness Gracious Me,1998,2015,1,8.3,1269
tt0138228,9,7965,1,Countdown,1982,Ongoing,1,6.2,1441
tt0138956,6,61,1,Beyond Belief: Fact or Fiction,1997,2024,1,7.9,5225
tt0138968,5,1051,1,Hollywood Squares,1998,2004,1,5.6,1051
tt0139803,9,2215,1,Top of the Pops,1964,2022,1,6.9,1085
tt0141842,6,86,1,The Sopranos,1999,2007,1,9.2,441727
tt0142049,8,227,1,Sai de Baixo,1996,2013,1,7.9,1277
tt0143081,7,203,1,Zoom,1997,Ongoing,1,7.3,1211
tt0144048,8,128,1,Gladiators,1992,2000,1,6.5,1426
tt0144701,9,248,1,Barney & Friends,1992,2010,1,3.9,8074
tt0146370,9,183,1,Bolek i Lolek,1963,1986,1,7,1804
tt0147760,9,61,1,Dalziel and Pascoe,1996,2007,1,7.4,3190
tt0149453,9,274,1,F.C. De Kampioenen,1990,2020,1,6.8,1416
tt0149460,9,160,1,Futurama,1999,Ongoing,1,8.5,254307
tt0149509,9,190,1,Postman Pat,1981,2017,1,6.4,3054
tt0155445,7,80,1,Rupert,1991,2020,1,6.9,1789
tt0156200,6,78,1,Babar,1989,2002,1,6.5,5427
tt0156442,7,91,1,Da Vinci's Inquest,1998,2006,1,8.1,1262
tt0157246,9,246,1,Will & Grace,1998,2020,1,7.3,58664
tt0158552,8,179,1,Charmed,1998,2006,1,7.1,88920
tt0159156,9,275,1,Behind the Music,1997,2021,1,7.4,1652
tt0159206,6,94,1,Sex and the City,1998,2004,1,7.3,137797
tt0159847,9,462,1,Antiques Roadshow,1997,Ongoing,1,7.3,1321
tt0159881,9,8882,1,Jeopardy!,1984,Ongoing,1,8.3,7946
tt0160904,9,86,1,Spooks,2002,2011,1,8.3,17550
tt0161146,7,41,1,Fleksnes fataliteter,1972,2003,1,8.4,1033
tt0162065,5,111,1,Angel,1999,2004,1,7.9,73955
tt0163488,9,142,1,Robot Wars,1998,2018,1,7.3,1204
tt0163503,9,529,1,Top Gear,1978,2002,1,8.4,25094
tt0163507,8,220,1,Whose Line Is It Anyway?,1998,2007,1,8.5,45477
tt0163924,9,493,1,All Saints,1998,2009,1,7.1,1574
tt0163929,6,176,1,Blue's Clues,1995,2007,1,6.9,6452
tt0165001,45,800,1,CBS News Sunday Morning,1979,Ongoing,1,7.9,1026
tt0165581,9,207,1,The King of Queens,1998,2007,1,7.4,86287
tt0165598,8,200,1,That '70s Show,1998,2006,1,8.1,185787
tt0166064,9,664,1,Who Wants to Be a Millionaire,1998,Ongoing,1,6.1,2393
tt0167743,5,93,1,The Wild Thornberrys,1998,2004,1,6.6,15556
tt0168366,9,1250,1,Poketto monsutâ,1997,2023,1,7.5,46057
tt0168596,9,61,1,Cold Feet,1997,2020,1,8.2,4663
tt0169414,9,259,1,Arthur,1996,2022,1,7.4,15341
tt0169455,9,278,1,Inside the Actors Studio,1994,Ongoing,1,8.6,5400
tt0172049,6,78,1,Rolie Polie Olie,1998,2007,1,6.3,3168
tt0173528,5,100,1,"Bill Nye, the Science Guy",1993,1998,1,8.2,8243
tt0173664,5,117,1,Bear in the Big Blue House,1997,2006,1,6.8,4460
tt0174378,6,129,1,Becker,1998,2004,1,7.3,13798
tt0174404,8,50,1,Kummeli,1991,2004,1,8.4,1408
tt0175058,6,80,1,The Powerpuff Girls,1998,2004,1,7.3,46127
tt0176095,9,601,1,The Challenge,1998,Ongoing,1,8,3959
tt0177440,9,1330,1,Family Feud,1999,Ongoing,1,6.7,4545
tt0177446,9,3123,1,Hotel Cæsar,1998,2017,1,2.7,1450
tt0177991,5,96,1,Providence,1999,2002,1,6.7,2305
tt0178132,9,267,1,Don Matteo,2000,Ongoing,1,6.6,1423
tt0179558,5,65,1,The Busy World of Richard Scarry,1993,1997,1,7.4,2110
tt0182576,9,415,1,Family Guy,1999,Ongoing,1,8.2,355922
tt0184111,6,80,1,"Ed, Edd n Eddy",1999,2008,1,7.5,39910
tt0184122,9,1103,1,Holby City,1999,2022,1,5.8,2433
tt0185065,25,4301,1,Fox & Friends,1998,Ongoing,1,3,2367
tt0185103,9,1586,1,WWE Monday Night RAW,1993,Ongoing,1,7.7,9537
tt0185130,6,292,1,WCW Monday Nitro,1995,2001,1,8,1548
tt0190106,6,225,1,Undressed,1999,2002,1,6.3,1306
tt0192877,6,204,1,7 vidas,1999,2006,1,7.1,1480
tt0192917,9,1705,1,Passions,1999,2008,1,5.9,5071
tt0193677,8,113,1,Knightmare,1987,1994,1,8.1,1088
tt0197151,9,181,1,Fox News,1987,Ongoing,1,2.5,1167
tt0197182,6,132,1,Third Watch,1999,2005,1,8,11066
tt0199214,6,27,1,Faerie Tale Theatre,1982,1987,1,8.3,2431
tt0199248,9,668,1,Modern Marvels,1993,Ongoing,1,8.1,2072
tt0200276,7,155,1,The West Wing,1999,2006,1,8.9,82406
tt0200353,5,112,1,The Parkers,1999,2023,1,6.9,2578
tt0202179,9,156,1,ABC Afterschool Specials,1972,1997,1,7.1,1199
tt0202741,6,139,1,The Man Show,1999,2014,1,6.6,3654
tt0203248,8,107,1,Bad Girls,1999,2006,1,7.9,2505
tt0203254,6,87,1,Franklin,1997,2006,1,6.4,5102
tt0203259,9,538,1,Law & Order: Special Victims Unit,1999,Ongoing,1,8.1,117781
tt0204113,9,106,1,You've Been Framed!,1990,2022,1,5.5,1135
tt0206501,9,979,1,Nova,1974,Ongoing,1,8.7,2964
tt0206512,9,307,1,SpongeBob SquarePants,1999,Ongoing,1,8.2,107212
tt0207274,9,1161,1,TV total,1999,Ongoing,1,6.7,1826
tt0208614,6,100,1,Celebrity Deathmatch,1998,2007,1,6.9,11689
tt0209069,6,138,1,Judging Amy,1999,2005,1,7,6795
tt0212671,7,151,1,Malcolm in the Middle,2000,2006,1,8.2,138641
tt0213327,5,110,1,Andromeda,2000,2005,1,6.6,14494
tt0213363,7,517,1,Oggy et les Cafards,1997,2018,1,7.5,4826
tt0214341,9,277,1,Dragon Ball Z,1989,1996,1,8.8,141614
tt0217177,5,73,1,Brum,1991,2002,1,6.2,1764
tt0217211,9,4285,1,Loose Women,1999,Ongoing,1,2.2,1350
tt0217224,5,439,1,"Un gars, une fille",1999,2003,1,7.4,1085
tt0218769,5,79,1,I Am Weasel,1997,1999,1,6.5,5853
tt0220265,7,302,1,Ryôri no tetsujin,1993,2002,1,8.5,1490
tt0221733,6,90,1,Bullyparade,1997,2002,1,7.2,1433
tt0227972,9,1262,1,WWF SmackDown!,1999,Ongoing,1,7.2,6751
tt0229119,8,68,1,Crocodile Hunter,1996,2004,1,7.6,3090
tt0229888,7,260,1,El Chapulín Colorado,1973,1979,1,8.5,3904
tt0229889,8,357,1,El Chavo del Ocho,1972,1983,1,8.7,11865
tt0233033,5,92,1,The Berenstain Bears,1985,2004,1,6.9,3516
tt0233084,6,52,1,My Hero,2000,2007,1,6.6,2083
tt0235916,5,49,1,ChalkZone,2002,2009,1,6.5,3544
tt0235917,8,177,1,Dora the Explorer,2000,2019,1,4.3,7405
tt0235918,9,159,1,The Fairly OddParents,2001,2017,1,7.2,44597
tt0238784,7,154,1,Gilmore Girls,2000,2007,1,8.2,139985
tt0238793,7,64,1,Monarch of the Glen,2000,2005,1,7.7,3594
tt0239185,9,757,1,A Question of Sport,1970,Ongoing,1,6.3,1136
tt0239195,9,655,1,Survivor,2000,Ongoing,1,7.5,26491
tt0240267,7,342,1,X-Play,1998,2022,1,8.1,1077
tt0241383,9,4386,1,Doctors,2000,Ongoing,1,4.6,1592
tt0242192,9,133,1,Between the Lions,1999,2011,1,7.1,1466
tt0245637,5,66,1,Little Bear,1995,2003,1,7.3,4318
tt0247082,9,336,1,CSI: Crime Scene Investigation,2000,2015,1,7.7,86995
tt0247102,8,172,1,Girlfriends,2000,2008,1,7.4,4868
tt0247144,6,122,1,"Yes, Dear",2000,2006,1,6.9,7758
tt0247882,9,407,1,Forensic Files,1996,2011,1,8.8,6985
tt0247902,5,224,1,Yu-Gi-Oh!,2000,2004,1,8.2,3505
tt0248654,5,63,1,Six Feet Under,2001,2005,1,8.7,141402
tt0248655,5,74,1,Soul Food,2000,2004,1,7.6,1240
tt0249327,5,224,1,Yu-Gi-Oh!,2000,2006,1,7.3,22653
tt0250875,9,1011,1,Kaun Banega Crorepati?,2000,Ongoing,1,8.2,4215
tt0251497,9,885,1,Big Brother,2000,Ongoing,1,5.5,11083
tt0252019,6,132,1,Strong Medicine,2000,2006,1,6.7,1258
tt0255734,5,91,1,Grounded for Life,2001,2005,1,7.5,15716
tt0257295,9,1457,1,Big Brother,2000,Ongoing,1,4.2,2835
tt0257315,9,121,1,My Family,2000,2011,1,7.5,10275
tt0259141,5,95,1,Jackie Chan Adventures,2000,2005,1,7.4,20885
tt0259733,9,92,1,Waking the Dead,2000,2011,1,7.9,6180
tt0260628,6,78,1,Kipper,1997,2004,1,7.1,1086
tt0262151,9,403,1,Bob the Builder,1997,2018,1,5.6,5268
tt0262153,8,199,1,Caillou,1997,2018,1,3.8,3610
tt0262985,5,83,1,Queer as Folk,2000,2005,1,8.5,21965
tt0264235,9,111,1,Curb Your Enthusiasm,2000,Ongoing,1,8.8,137623
tt0268862,9,400,1,Weakest Link,2000,2017,1,5.6,1794
tt0270116,9,9897,1,Charlie Rose,1991,2017,1,7.6,1153
tt0270118,9,577,1,Cheaters,2000,Ongoing,1,4.7,1572
tt0270792,5,50,1,The Mole,2001,2008,1,7.7,1297
tt0270804,9,582,1,Soccer AM,1992,2023,1,6.6,1002
tt0271894,9,948,1,48 Hours,1988,Ongoing,1,7.5,2241
tt0272993,5,53,1,Langt fra Las Vegas,2001,2003,1,7.4,2284
tt0273855,5,125,1,My Wife and Kids,2000,2024,1,6.9,28872
tt0274244,9,370,1,Catch Phrase,1986,Ongoing,1,6.2,1096
tt0274988,5,260,1,The Tribe,1999,2003,1,7.6,3136
tt0275140,9,195,1,Law & Order: Criminal Intent,2001,2011,1,7.5,26958
tt0275863,5,11,1,Rendevouz with Simi Garewal,2001,Ongoing,1,7.3,1029
tt0276656,8,148,1,Cribs,2000,Ongoing,1,5.2,1871
tt0278191,7,157,1,Fear Factor,2001,2012,1,5.7,7087
tt0278238,5,62,1,Samurai Jack,2001,2017,1,8.5,57563
tt0278251,9,81,1,Two Pints of Lager and a Packet of Crisps,2001,2011,1,7.1,4722
tt0278866,5,87,1,Kim Possible,2002,2007,1,7.2,30912
tt0278877,5,53,1,Sealab 2021,2000,2005,1,7.8,8240
tt0279550,9,568,1,Celebrity Big Brother,2001,Ongoing,1,4.5,1235
tt0279600,9,217,1,Smallville,2001,2011,1,7.5,134691
tt0280249,9,153,1,Dragon Ball,1995,2003,1,8.6,63375
tt0280277,5,131,1,Mr. Bean: The Animated Series,2002,2019,1,6.8,13728
tt0281432,6,81,1,The Dead Zone,2002,2007,1,7.3,9738
tt0281447,9,481,1,A Grande Família,2001,2014,1,7.7,1482
tt0281491,9,63,1,Still Game,2002,2019,1,8.9,8844
tt0283226,7,157,1,Totally Spies!,2001,2014,1,7.1,11959
tt0284335,8,106,1,My Parents Are Aliens,1999,2006,1,6.8,1667
tt0284718,6,117,1,Crossing Jordan,2001,2007,1,7,11994
tt0284722,6,125,1,Reba,2001,2007,1,6.7,16644
tt0284770,5,113,1,One on One,2001,2006,1,7.2,2466
tt0285331,9,207,1,24,2001,2010,1,8.4,193637
tt0285333,5,105,1,Alias,2001,2006,1,7.6,53399
tt0285335,9,399,1,The Amazing Race,2001,Ongoing,1,7.8,15168
tt0285341,5,105,1,The Bernie Mac Show,2001,2023,1,7.2,8236
tt0285351,8,182,1,According to Jim,2001,2009,1,6.5,37551
tt0285403,9,182,1,Scrubs,2001,2010,1,8.4,265349
tt0286342,6,304,1,Bananas in Pyjamas,1992,2001,1,5.5,3038
tt0286486,7,89,1,The Shield,2002,2008,1,8.7,85339
tt0287196,9,952,1,Big Brother,2001,2022,1,3.9,1004
tt0288937,9,385,1,Degrassi: The Next Generation,2001,2015,1,7.6,14354
tt0289832,7,502,1,Tweenies,1999,2003,1,5,1091
tt0290223,7,167,1,Inuyasha,2000,2004,1,7.9,17355
tt0290988,9,106,1,Trailer Park Boys,2001,2018,1,8.6,48276
tt0291596,9,293,1,ChuckleVision,1987,2009,1,7.2,2092
tt0292414,8,224,1,McLeod's Daughters,2001,2009,1,7.3,6485
tt0292800,7,85,1,Grim & Evil,2001,2007,1,7.7,25566
tt0294023,6,175,1,Kyaputen Tsubasa,1983,1995,1,7.9,7176
tt0297494,9,145,1,Aqua Teen Hunger Force,2000,2015,1,7.7,26286
tt0297639,7,556,1,Swiat wedlug Kiepskich,1999,2022,1,6.5,1032
tt0299268,9,464,1,Bizimkiler,1989,2002,1,8.3,3698
tt0299302,9,275,1,Friday Night with Jonathan Ross,2001,2010,1,7.1,2696
tt0302103,5,42,1,Footballers' Wives,2002,2006,1,6.5,1825
tt0302128,6,29,1,Judge John Deed,2001,2007,1,7.6,1265
tt0302447,9,419,1,Cuéntame cómo pasó,2001,2023,1,7.4,1511
tt0305056,9,3408,1,Last Call with Carson Daly,2002,2019,1,3.1,1317
tt0306414,5,60,1,The Wire,2002,2008,1,9.3,362587
tt0307800,18,1420,1,Pardon the Interruption,2001,Ongoing,1,8.1,2089
tt0309123,9,396,1,60 Minutes,1979,Ongoing,1,6.8,1357
tt0309141,9,136,1,Cyberchase,2002,Ongoing,1,6.9,2856
tt0309152,7,125,1,The F.B.I. Files,1998,2009,1,7.9,1289
tt0310455,8,28,1,Foyle's War,2002,2015,1,8.6,17301
tt0310460,6,120,1,George Lopez,2002,2007,1,6.9,12923
tt0312109,6,79,1,Codename: Kids Next Door,2002,2008,1,7.2,22029
tt0312172,8,124,1,Monk,2002,2009,1,8.1,80493
tt0313033,9,312,1,Art Attack,1990,2007,1,7.4,2990
tt0313038,9,298,1,The Bachelor,2002,Ongoing,1,3.2,7405
tt0313043,9,232,1,CSI: Miami,2002,2012,1,6.4,59929
tt0313122,8,87,1,The Royal,2003,2011,1,7.5,1134
tt0315709,6,38,1,Smogovci,1982,1996,1,8.7,1140
tt0318224,9,1232,1,Horizon,1964,Ongoing,1,8.6,1129
tt0318895,9,296,1,Tottoko Hamutaro,2000,2006,1,6.3,2500
tt0318913,7,156,1,Teenage Mutant Ninja Turtles,2003,2010,1,7.8,12100
tt0318959,6,126,1,Crank Yankers,2002,2022,1,6.2,3264
tt0319931,9,695,1,American Idol: The Search for a Superstar,2002,Ongoing,1,4.3,22060
tt0320037,9,3640,1,Jimmy Kimmel Live!,2003,Ongoing,1,6.5,17074
tt0321019,9,1856,1,Who Wants to Be a Millionaire,2002,Ongoing,1,6.1,2546
tt0321021,7,160,1,Without a Trace,2002,2009,1,7,21233
tt0324679,9,257,1,5th Gear,2002,Ongoing,1,6.5,1570
tt0324692,9,133,1,Ant & Dec's Saturday Night Takeaway,2002,2023,1,6.1,1784
tt0324924,9,415,1,True Life,1998,2020,1,7.3,1103
tt0329824,9,4518,1,Dr. Phil,2002,2023,1,3.8,4147
tt0329829,9,265,1,Fireman Sam,1987,2023,1,6.1,1987
tt0330251,6,70,1,The L Word,2004,2009,1,7.7,28177
tt0337792,6,31,1,Wire in the Blood,2002,2008,1,8.3,9075
tt0338616,9,447,1,"I'm a Celebrity, Get Me Out of Here!",2002,Ongoing,1,5.8,3391
tt0338639,6,100,1,Un paso adelante,2002,2005,1,6.3,1569
tt0339968,5,151,1,Scare Tactics,2003,2013,1,6.7,2569
tt0343314,5,66,1,Teen Titans,2003,2006,1,7.9,36268
tt0344651,9,253,1,Good Eats,1999,2012,1,8.8,3903
tt0346369,8,89,1,Penn & Teller: Bullshit!,2003,2010,1,8.2,11871
tt0348894,9,228,1,The Bachelorette,2003,Ongoing,1,3.4,5850
tt0350448,9,634,1,Real Time with Bill Maher,2003,Ongoing,1,7.4,14080
tt0352110,9,135,1,TV Burp,2001,2012,1,7.1,2208
tt0358332,5,106,1,Queer Eye for the Straight Guy,2003,2007,1,6.4,2494
tt0361217,6,100,1,Nip/Tuck,2003,2010,1,7.7,57766
tt0361227,9,148,1,Punk'd,2003,2015,1,6,8476
tt0362153,5,56,1,The Simple Life,2003,2007,1,4.1,5828
tt0362355,9,381,1,Most Haunted,2002,Ongoing,1,5,1531
tt0362357,9,107,1,New Tricks,2003,2015,1,7.9,8305
tt0362372,8,171,1,Los Serrano,2003,2008,1,7.5,3958
tt0363307,9,322,1,America's Next Top Model,2003,2018,1,5.6,18331
tt0363378,5,120,1,The Story of Tracy Beaker,2002,2006,1,6.7,1768
tt0364151,9,291,1,American Masters,1985,Ongoing,1,8.2,1116
tt0364779,9,238,1,American Chopper: The Series,2003,2020,1,6.1,4014
tt0364782,9,194,1,The Apprentice,2004,2017,1,4.7,8654
tt0364797,5,19,1,Blue Murder,2003,2009,1,7.3,1745
tt0364801,6,27,1,Cidade dos Homens,2002,2018,1,8.2,2939
tt0364806,9,77,1,Extreme Engineering,2003,Ongoing,1,7.4,1102
tt0364828,5,106,1,Las Vegas,2003,2008,1,7.4,28941
tt0364829,9,109,1,Last Comic Standing,2003,2015,1,6.4,1556
tt0364843,5,83,1,Most Extreme Elimination Challenge,2003,2007,1,8.8,3463
tt0364845,9,458,1,NCIS: Naval Criminal Investigative Service,2003,Ongoing,1,7.8,157346
tt0367279,5,84,1,Arrested Development,2003,2019,1,8.7,317717
tt0367367,8,128,1,Max & Ruby,2002,2021,1,6.1,2821
tt0368479,7,156,1,Cold Case,2003,2010,1,7.6,30166
tt0368530,9,187,1,One Tree Hill,2003,2012,1,7.8,84851
tt0369179,9,262,1,Two and a Half Men,2003,2015,1,7.1,274304
tt0370194,8,124,1,Reno 911!,2003,Ongoing,1,8,22131
tt0374455,5,99,1,Stargate: Atlantis,2004,2009,1,8.1,70045
tt0377260,9,139,1,Shameless,2004,2013,1,8,17836
tt0379623,9,3371,1,Ellen: The Ellen DeGeneres Show,2003,2023,1,6.7,17443
tt0379632,8,48,1,Hustle,2004,2012,1,8.2,23267
tt0380086,7,2879,1,Anderson Cooper 360°,2003,Ongoing,1,5.4,1095
tt0380105,5,37,1,Dirty Sanchez,2003,Ongoing,1,6.7,1731
tt0380136,9,324,1,QI,2003,Ongoing,1,8.6,33030
tt0381733,5,91,1,Aquí no hay quien viva,2003,2006,1,8.1,4492
tt0381798,7,95,1,Rescue Me,2004,2011,1,8.3,27411
tt0382501,5,45,1,Viva la Bam,2003,2006,1,6.7,9497
tt0383126,9,300,1,MythBusters,2003,2018,1,8.3,54131
tt0383795,9,403,1,The Joy of Painting,1983,1994,1,9.3,5892
tt0384745,5,131,1,To kafe tis Haras,2003,2021,1,6,1975
tt0384746,6,88,1,Kenny vs. Spenny,2002,2010,1,8.1,9822
tt0386676,9,188,1,The Office,2005,2013,1,9,669589
tt0386950,9,217,1,Mayday,2003,Ongoing,1,8.8,5565
tt0387199,8,96,1,Entourage,2004,2011,1,8.4,174631
tt0387714,5,55,1,All Grown Up!,2003,2008,1,5.5,5598
tt0387764,9,54,1,Peep Show,2003,2015,1,8.7,64300
tt0388595,9,227,1,Extreme Makeover: Home Edition,2003,2020,1,6.3,4813
tt0391666,9,2611,1,Morangos com Açúcar,2003,2012,1,3.7,1391
tt0393009,9,344,1,What Not to Wear,2003,2013,1,6.9,1867
tt0395843,9,197,1,CSI: NY,2004,2013,1,6.9,48709
tt0395891,6,77,1,Pimp My Ride,2004,2009,1,5.7,4943
tt0397138,6,107,1,Corner Gas,2004,2009,1,8.4,7954
tt0397306,9,358,1,American Dad!,2005,Ongoing,1,7.4,133272
tt0397442,6,121,1,Gossip Girl,2007,2012,1,7.5,186414
tt0398417,5,65,1,The Batman,2004,2008,1,7.3,12980
tt0401747,9,340,1,Red vs. Blue,2003,2023,1,8.4,9672
tt0402711,5,101,1,Boston Legal,2004,2008,1,8.5,48912
tt0408381,9,79,1,Doc Martin,2004,2022,1,8.4,19040
tt0408403,5,23,1,Murphy's Law,2003,2007,1,7.7,1441
tt0408409,9,136,1,Overhaulin',2004,Ongoing,1,6.7,1583
tt0409608,6,33,1,Ramsay's Kitchen Nightmares,2004,2014,1,7.6,6461
tt0410975,8,180,1,Desperate Housewives,2004,2012,1,7.6,135744
tt0411008,6,121,1,Lost,2004,2010,1,8.3,579051
tt0411027,9,500,1,Strictly Come Dancing,2004,Ongoing,1,6,1782
tt0411040,9,140,1,Wife Swap,2004,2020,1,4.6,1946
tt0412142,8,176,1,House M.D.,2004,2012,1,8.7,491151
tt0412175,7,130,1,Medium,2005,2011,1,7.1,30137
tt0413573,9,421,1,Grey's Anatomy,2005,Ongoing,1,7.6,329639
tt0413623,9,503,1,Çocuklar Duymasin,2002,2019,1,4.7,2960
tt0415313,6,90,1,Bela ladja,2006,2012,1,6.2,1571
tt0417332,7,54,1,Ideal,2005,2011,1,8.2,2903
tt0417373,7,86,1,The Venture Bros.,2003,2018,1,8.6,27424
tt0419315,5,61,1,Camp Lazlo!,2005,2008,1,6.4,10591
tt0419326,6,84,1,Foster's Home for Imaginary Friends,2004,2009,1,7.6,24042
tt0421030,5,53,1,Big Love,2006,2011,1,7.7,22810
tt0421099,9,230,1,Grand Designs,1999,Ongoing,1,8.5,3389
tt0421291,6,190,1,Avrupa Yakasi,2004,2009,1,8.6,20275
tt0421396,9,594,1,Match of the Day 2,2004,Ongoing,1,7.6,1023
tt0421460,9,408,1,The Soup,2004,2020,1,8.2,6026
tt0421463,9,1007,1,TNA iMPACT! Wrestling,2004,Ongoing,1,6.3,2063
tt0421482,9,216,1,Winx Club,2004,2023,1,6.1,7298
tt0423642,9,233,1,Dog Whisperer with Cesar Millan,2004,2016,1,7.9,2822
tt0423652,9,600,1,The First 48,2004,Ongoing,1,8.2,4076
tt0423657,5,74,1,"Go, Diego! Go!",2005,2013,1,4.3,1976
tt0423776,9,448,1,The X Factor,2004,2018,1,4.3,4827
tt0424627,8,222,1,Dog the Bounty Hunter,2003,2012,1,5,4552
tt0426666,6,132,1,Cold Case Files,1999,Ongoing,1,8,1864
tt0426697,9,299,1,Ghost Hunters,2004,Ongoing,1,6.3,7079
tt0426769,7,378,1,Peppa Pig,2004,Ongoing,1,6.3,6067
tt0426790,7,240,1,Sihirli Annem,2003,2012,1,3.9,1659
tt0428167,5,46,1,Stromberg,2004,2012,1,8.4,9291
tt0429318,9,276,1,The Biggest Loser,2004,Ongoing,1,5.5,5182
tt0429442,8,139,1,Supernanny,2005,2020,1,5.3,1891
tt0429466,9,171,1,Who Do You Think You Are?,2004,Ongoing,1,8,1179
tt0433309,6,119,1,Numb3rs,2005,2010,1,6.9,44665
tt0434665,9,386,1,Bleach: Burîchi,2004,2023,1,8.2,65381
tt0434695,9,87,1,Klovn,2005,2022,1,8.5,5862
tt0434737,5,805,1,Zabranjena ljubav,2004,2011,1,6,1175
tt0436992,9,211,1,Doctor Who,2005,Ongoing,1,8.6,235328
tt0437005,9,330,1,Hell's Kitchen,2005,Ongoing,1,7.2,22137
tt0437729,9,2158,1,The Late Late Show with Craig Ferguson,2005,2015,1,8.4,11338
tt0437741,9,293,1,Project Runway,2004,Ongoing,1,7.4,11493
tt0437745,9,227,1,Robot Chicken,2001,Ongoing,1,7.7,45315
tt0437758,5,1178,1,The Tyra Banks Show,2005,2011,1,3.9,1414
tt0439100,8,102,1,Weeds,2005,2012,1,7.9,115359
tt0440981,9,238,1,Aída,2005,2014,1,6.6,2345
tt0441059,6,469,1,Kaamelott,2004,2009,1,8.8,3932
tt0441718,9,249,1,Iron Chef America: The Series,2004,2018,1,7.1,2250
tt0442633,6,58,1,Brainiac: Science Abuse,2003,2008,1,6.9,4213
tt0442726,7,173,1,Moya prekrasnaya nyanya,2004,2009,1,4.6,1056
tt0443370,9,252,1,Dragons' Den,2005,Ongoing,1,6.9,2404
tt0445883,8,149,1,Koffee with Karan,2004,Ongoing,1,6.4,4595
tt0445890,9,122,1,My Super Sweet 16,2005,Ongoing,1,1.8,3159
tt0445912,9,411,1,The Ultimate Fighter,2005,Ongoing,1,7.8,3198
tt0446622,9,116,1,Hard Knocks,2001,Ongoing,1,8.4,2558
tt0446809,9,343,1,Deadliest Catch,2005,Ongoing,1,7.8,9051
tt0446850,8,126,1,Megastructures,2004,Ongoing,1,7.3,1045
tt0448300,9,325,1,Spicks and Specks,2005,2022,1,7.9,1159
tt0449545,9,199,1,Curious George,2006,2022,1,7.2,3123
tt0450897,9,241,1,The Apprentice,2005,Ongoing,1,7.2,3371
tt0450920,9,349,1,Intervention,2005,Ongoing,1,7.9,2959
tt0452046,9,335,1,Criminal Minds,2005,Ongoing,1,8.1,211561
tt0452713,5,108,1,Bitange i princeze,2005,Ongoing,1,8.5,3154
tt0454349,6,118,1,Johnny Test,2005,2014,1,5.2,9163
tt0454656,5,117,1,The Wiggles,1993,2022,1,5.9,1001
tt0455061,9,85,1,De lama's,2004,2008,1,7.8,1030
tt0455275,5,90,1,Prison Break,2005,2017,1,8.3,563621
tt0457146,9,133,1,Squidbillies,2005,2021,1,6.7,7440
tt0457544,9,248,1,Wie is de Mol?,1999,Ongoing,1,8.4,1193
tt0458253,7,109,1,The Closer,2005,2012,1,7.8,28005
tt0458254,9,1390,1,The Colbert Report,2005,2014,1,8.5,39054
tt0458259,9,180,1,Dirty Jobs,2005,Ongoing,1,7.7,9350
tt0458290,7,133,1,Star Wars: The Clone Wars,2008,2020,1,8.4,113600
tt0460625,5,48,1,Beauty and the Geek,2005,2008,1,6.1,1370
tt0460627,9,245,1,Bones,2005,2017,1,7.8,170467
tt0460644,5,107,1,Ghost Whisperer,2005,2010,1,6.4,48661
tt0460649,9,208,1,How I Met Your Mother,2005,2014,1,8.3,712263
tt0460681,9,327,1,Supernatural,2005,2020,1,8.4,468261
tt0461097,6,107,1,Outrageous Fortune,2005,2010,1,8.5,2333
tt0461622,6,94,1,Criss Angel Mindfreak,2005,2010,1,5.8,2723
tt0461727,9,147,1,The Next Food Network Star,2005,Ongoing,1,6.4,1234
tt0462128,5,91,1,The New Adventures of Old Christine,2006,2023,1,7.2,13973
tt0462133,7,73,1,Seconds from Disaster,2004,2018,1,8.1,1120
tt0463398,9,494,1,Dancing with the Stars,2005,Ongoing,1,4.8,10253
tt0463399,9,488,1,E! True Hollywood Story,1996,Ongoing,1,6.5,1236
tt0463827,9,235,1,Mock the Week,2005,2022,1,7.8,8458
tt0465315,9,223,1,8 Out of 10 Cats,2005,Ongoing,1,7.7,6017
tt0466515,8,101,1,Kryminalni,2004,Ongoing,1,6.4,3364
tt0468424,6,93,1,The Girls Next Door,2005,2010,1,5.5,3997
tt0472014,6,96,1,Miami Ink,2005,2008,1,6.6,2640
tt0472023,9,313,1,So You Think You Can Dance,2005,Ongoing,1,7,10655
tt0472954,9,172,1,It's Always Sunny in Philadelphia,2005,Ongoing,1,8.8,243222
tt0472989,9,405,1,Wild 'N Out,2005,Ongoing,1,6.5,2540
tt0475464,9,136,1,Los hombres de Paco,2005,2021,1,7,2265
tt0475900,9,144,1,Anthony Bourdain: No Reservations,2005,2012,1,8.5,7622
tt0476041,5,76,1,Flip This House,2005,Ongoing,1,6.1,1229
tt0476916,6,48,1,Kathy Griffin: My Life on the D-List,2005,2010,1,7.4,2251
tt0477217,5,42,1,Gooische vrouwen,2005,2009,1,7.3,1288
tt0477507,8,88,1,Engrenages,2005,2020,1,8.5,6546
tt0479842,9,99,1,Pastewka,2005,2020,1,7.9,3923
tt0481033,5,746,1,Camera café,2005,Ongoing,1,6.4,1066
tt0484243,9,115,1,A Haunting,2005,Ongoing,1,7.9,3387
tt0487189,9,214,1,Waterloo Road,2006,Ongoing,1,7.1,3789
tt0487831,5,25,1,The IT Crowd,2006,2013,1,8.5,160414
tt0489598,6,112,1,The Hills,2006,2010,1,3.7,11484
tt0490035,5,52,1,The F Word,2005,2010,1,6.9,1692
tt0491738,8,121,1,Psych,2006,2014,1,8.4,103025
tt0492429,6,63,1,I Shouldn't Be Alive,2005,2012,1,8.1,2270
tt0492430,9,3437,1,The Jeremy Kyle Show,2005,2020,1,3.5,1312
tt0493378,5,234,1,Deal or No Deal,2005,2019,1,5,4198
tt0496195,5,100,1,FETCH! with Ruff Ruffman,2006,2010,1,7.3,1028
tt0496424,7,138,1,30 Rock,2006,2013,1,8.3,129280
tt0497079,9,312,1,The Real Housewives of Orange County,2006,2023,1,4.2,4066
tt0497294,9,144,1,High Stakes Poker,2006,Ongoing,1,8.9,1233
tt0497480,9,288,1,Comedy Central Presents,1998,2011,1,7.9,1190
tt0498617,7,162,1,Gene Simmons: Family Jewels,2006,2012,1,5.7,2124
tt0756522,20,69,1,Little Einsteins,2005,2010,1,6.3,2286
tt0757127,8,67,1,Wild at Heart,2006,2012,1,7.4,1655
tt0758737,5,110,1,Brothers & Sisters,2006,2011,1,7.5,25067
tt0758745,5,76,1,Friday Night Lights,2006,2011,1,8.7,70493
tt0759364,9,464,1,America's Got Talent,2006,Ongoing,1,5.8,10490
tt0765425,9,308,1,Top Chef,2006,Ongoing,1,7.7,6574
tt0770659,7,56,1,Survivorman,2004,Ongoing,1,8.2,6651
tt0770762,5,40,1,Happy Tree Friends,2000,2016,1,7,18016
tt0772137,9,148,1,The Game,2006,2015,1,6.8,4667
tt0773262,8,96,1,Dexter,2006,2013,1,8.7,748196
tt0773264,9,356,1,House of Payne,2006,Ongoing,1,3.5,6274
tt0775407,5,97,1,Wonder Pets!,2006,2016,1,6.5,2255
tt0780206,9,69,1,Screenwipe,2006,2020,1,8.8,2489
tt0782374,9,381,1,"Little People, Big World",2006,Ongoing,1,6.2,2631
tt0785036,6,86,1,Paranormal State,2007,Ongoing,1,5.3,2616
tt0790772,7,101,1,Rules of Engagement,2007,2013,1,7.3,35117
tt0790825,7,458,1,Ca$h Cab,2005,2020,1,7.1,3220
tt0791615,9,109,1,The Real Hustle,2006,2012,1,8,1334
tt0796264,5,77,1,Eureka,2006,2012,1,7.9,56781
tt0799870,9,320,1,Fashion Police,2002,Ongoing,1,6.1,1123
tt0804503,7,92,1,Mad Men,2007,2015,1,8.7,253077
tt0805418,9,484,1,Masterchef Goes Large,2005,Ongoing,1,6.6,1033
tt0808096,5,36,1,Primeval,2007,2011,1,7.2,15124
tt0809816,5,49,1,Thank God You're Here,2006,2023,1,7.7,1267
tt0810788,7,111,1,Burn Notice,2007,2013,1,8,77668
tt0815063,9,152,1,Million Dollar Listing Los Angeles,2006,Ongoing,1,6.2,1540
tt0820392,6,564,1,Come Dine with Me,2005,Ongoing,1,6.5,2318
tt0827947,9,2389,1,Rachael Ray,2006,2023,1,4.3,1139
tt0835010,9,476,1,How It's Made,2001,2019,1,7.8,7945
tt0839188,5,63,1,Metalocalypse,2006,2013,1,8.3,17798
tt0840196,7,61,1,Skins,2007,2013,1,8.2,90298
tt0840979,5,60,1,The Whitest Kids U'Know,2007,2011,1,8.5,5496
tt0841929,9,130,1,Pat & Mat,1976,2020,1,8.4,2860
tt0842903,9,120,1,Ace of Cakes,2006,2011,1,7.1,1252
tt0844441,7,81,1,True Blood,2008,2014,1,7.9,254872
tt0845088,9,643,1,Arka Sokaklar,2006,Ongoing,1,3.6,4062
tt0846614,5,108,1,Ruhsar,1998,2001,1,6.1,2539
tt0852863,6,132,1,Phineas and Ferb,2007,2024,1,8.1,53656
tt0856757,5,174,1,Yaprak Dökümü,2006,2010,1,5.8,3828
tt0859592,7,117,1,Army Wives,2007,2013,1,7.4,8223
tt0861751,9,100,1,Magyar népmesék,1980,2012,1,8.9,1511
tt0862583,9,302,1,How Do They Do It?,2006,Ongoing,1,7.4,1565
tt0862614,9,101,1,Not Going Out,2006,Ongoing,1,7.7,7657
tt0862620,5,54,1,The Sarah Jane Adventures,2006,2020,1,7.4,6512
tt0874608,9,42,1,Lewis,2006,2015,1,8.2,14989
tt0876219,5,66,1,Young Dracula,2006,2014,1,7.5,1812
tt0877512,6,80,1,Yo Gabba Gabba!,2007,2020,1,6.9,1786
tt0879688,5,68,1,Sea Patrol,2007,2011,1,7.5,2472
tt0883625,7,137,1,El Chavo Animado,2006,2016,1,5.5,1183
tt0883772,7,78,1,Man vs. Wild,2006,2020,1,8.2,23067
tt0898266,9,280,1,The Big Bang Theory,2007,2019,1,8.2,843013
tt0903747,5,62,1,Breaking Bad,2008,2013,1,9.5,2045866
tt0904208,7,84,1,Californication,2007,2014,1,8.3,186065
tt0905590,9,291,1,NBC Sunday Night Football,2006,Ongoing,1,8,1224
tt0906069,6,101,1,"Selo gori, a baba se ceslja",2007,2017,1,5.6,1791
tt0907683,9,50,1,Beck,1997,Ongoing,1,7.4,5964
tt0907825,9,55,1,Schlag den Raab,2006,2015,1,7,1316
tt0912343,5,56,1,"Tim and Eric Awesome Show, Great Job!",2007,2017,1,7.6,11849
tt0914387,5,59,1,Damages,2007,2012,1,8.1,31164
tt0914829,9,267,1,Bad Girls Club,2006,Ongoing,1,4.9,2854
tt0920448,9,189,1,Flikken Maastricht,2007,Ongoing,1,7.3,1654
tt0920489,9,38,1,Il commissario Montalbano,1999,2021,1,8.4,4263
tt0922037,9,178,1,La que se avecina,2007,Ongoing,1,7.5,4189
tt0923293,6,92,1,Little Mosque on the Prairie,2007,2012,1,6.5,2590
tt0924651,9,507,1,The Graham Norton Show,2007,Ongoing,1,8.4,12744
tt0934814,5,91,1,Chuck,2007,2012,1,8.2,144096
tt0935095,5,61,1,In Plain Sight,2008,2012,1,7.4,12574
tt0941372,5,56,1,Destination Truth,2007,2012,1,7.6,3104
tt0943690,7,88,1,M.I.High,2007,2014,1,6.2,1332
tt0944947,8,73,1,Game of Thrones,2011,2019,1,9.2,2209977
tt0958228,7,189,1,Are You Smarter Than a 5th Grader?,2007,2019,1,4.9,2539
tt0959601,9,74,1,Benidorm,2007,2018,1,7.5,6621
tt0963967,9,194,1,Bondi Rescue,2006,Ongoing,1,7.6,1215
tt0965404,6,135,1,Bubble Guppies,2011,2023,1,6.3,1919
tt0969670,6,64,1,Pasila,2007,2013,1,8.4,1658
tt0972412,6,112,1,Private Practice,2007,2013,1,6.8,28131
tt0972534,6,95,1,iCarly,2007,2012,1,6.8,43065
tt0979432,5,56,1,Boardwalk Empire,2010,2014,1,8.6,198320
tt0982599,6,92,1,Switch: Reloaded,2007,2012,1,7.4,1737
tt0983514,8,95,1,Kitchen Nightmares,2007,2023,1,7.5,13751
tt0983983,6,171,1,Shaun the Sheep,2007,2020,1,8.2,16083
tt0985991,6,308,1,Horrid Henry,2006,Ongoing,1,6.4,1165
tt0988818,8,375,1,Gintama,2005,2021,1,8.7,14019
tt0988820,6,23,1,The Inspector Lynley Mysteries,2001,2007,1,7.4,5521
tt1000779,5,109,1,10i entoli,2004,2015,1,8.2,1658
tt1002838,8,1164,1,Chelsea Lately,2007,2014,1,6.1,4729
tt10098498,6,74,1,The UnXplained,2019,Ongoing,1,7.2,1595
tt1014786,29,107,1,Ninja Warrior,2006,Ongoing,1,8,1119
tt1018501,9,300,1,Kurtlar Vadisi: Pusu,2007,2016,1,6.2,8924
tt1020109,9,132,1,Banged Up Abroad,2007,Ongoing,1,8.2,2177
tt1020913,9,637,1,"Diners, Drive-ins and Dives",2006,Ongoing,1,7.4,4390
tt1024167,8,111,1,The Millionaire Matchmaker,2008,2015,1,4.5,1428
tt1024810,7,71,1,El internado,2007,2010,1,8.1,5536
tt1024932,5,86,1,City Homicide,2006,2011,1,7.5,1621
tt10329024,5,83,1,Bob Hearts Abishola,2019,Ongoing,1,7,5101
tt1034201,9,265,1,Britain's Got Talent,2007,Ongoing,1,5.8,4335
tt1034368,5,170,1,Kavak Yelleri,2007,2011,1,5.6,2384
tt10370750,5,33,1,Trafficked with Mariana Van Zeller,2020,Ongoing,1,8.4,1127
tt10436228,6,50,1,Jurassic World: Camp Cretaceous,2020,2022,1,7.5,9957
tt1043776,8,135,1,Martha Speaks,2008,2016,1,6.6,1252
tt1051155,9,90,1,The Universe,2007,2015,1,8.6,5886
tt1055238,9,171,1,Would I Lie to You?,2007,Ongoing,1,8.2,9309
tt10580092,6,115,1,The Oval,2019,Ongoing,1,4.4,1679
tt1059475,5,75,1,Flashpoint,2008,2012,1,7.8,18251
tt1064899,5,62,1,Queen of the South,2016,2021,1,8,32905
tt1068912,9,146,1,Ice Road Truckers,2007,2017,1,6.2,3570
tt10691888,5,213,1,All Elite Wrestling: Dynamite,2019,Ongoing,1,8.5,1677
tt10752770,7,146,1,Sistas,2019,Ongoing,1,5.6,2050
tt1078394,9,108,1,Flipping Out,2007,2018,1,7,1239
tt10841904,6,44,1,Aynen Aynen,2019,2021,1,7.5,4024
tt1084587,9,2981,1,The Steve Wilkos Show,2007,Ongoing,1,5.1,1281
tt1084694,9,117,1,I Survived...,2008,Ongoing,1,8.5,1033
tt1086191,5,35,1,Outnumbered,2007,2016,1,8.1,11798
tt1086761,9,293,1,Keeping Up with the Kardashians,2007,2021,1,2.8,31140
tt1091909,9,269,1,Murdoch Mysteries,2008,Ongoing,1,8.2,16310
tt1093078,9,309,1,"Lud, zbunjen, normalan",2007,2021,1,8.4,4368
tt1094229,9,250,1,Heartland,2007,Ongoing,1,8.5,18899
tt1095213,8,2214,1,TMZ on TV,2007,Ongoing,1,3.3,2211
tt1103987,5,77,1,Leverage,2008,2012,1,7.9,53286
tt1105711,8,133,1,1000 Ways to Die,2008,2012,1,6.8,4194
tt11093718,5,131,1,Kurulus: Osman,2019,Ongoing,1,7.6,11188
tt1114705,6,65,1,Celebrity Rehab with Dr. Drew,2008,Ongoing,1,6.1,1465
tt1119176,6,68,1,Underbelly,2008,2013,1,8.1,5163
tt1119644,5,100,1,Fringe,2008,2013,1,8.4,252900
tt11207734,5,190,1,Londra Merkez,2018,Ongoing,1,9.8,1805
tt1124348,5,122,1,Jon & Kate Plus 8,2007,2009,1,4.5,3603
tt1124373,7,92,1,Sons of Anarchy,2008,2014,1,8.6,313776
tt1128052,8,130,1,WordGirl,2007,2015,1,7.1,1396
tt1129398,9,43,1,Maria Wern,2008,Ongoing,1,6.7,1652
tt1132290,5,64,1,Warehouse 13,2009,2014,1,7.6,56242
tt1132600,6,122,1,Packed to the Rafters,2008,2013,1,7.5,2462
tt1138475,6,73,1,The Guild,2007,2013,1,8.2,10344
tt1138645,9,199,1,Bizarre Foods with Andrew Zimmern,2006,Ongoing,1,7.7,2542
tt1145872,8,86,1,America's Best Dance Crew,2008,2015,1,6.9,1220
tt1153059,7,77,1,Física o química,2008,2011,1,6.4,1751
tt1156535,7,130,1,Wipeout,2008,2014,1,6.6,8098
tt1163573,5,58,1,Mord mit Aussicht,2008,2024,1,8.1,1851
tt1166709,9,345,1,Say Yes to the Dress,2007,Ongoing,1,5.6,1951
tt1166893,8,53,1,Law & Order: UK,2009,2014,1,7.7,4720
tt1170244,9,1500,1,Morning Joe,2007,Ongoing,1,4.3,1214
tt11704040,5,69,1,Love Is Blind,2020,Ongoing,1,6.2,10298
tt1170858,9,254,1,Dragons' Den,2006,Ongoing,1,7.1,1053
tt1173427,5,121,1,Total Drama Island,2007,2014,1,7.4,13373
tt1179817,5,121,1,The Secret Life of the American Teenager,2008,2013,1,4.9,20634
tt1181541,5,65,1,The Listener,2009,2014,1,6.8,8401
tt1190689,7,80,1,Nurse Jackie,2009,2015,1,7.8,28666
tt1191056,9,277,1,The Real Housewives of New York City,2008,Ongoing,1,4.8,3920
tt1192302,9,1052,1,La rosa de Guadalupe,2007,Ongoing,1,2.7,1018
tt1195419,7,57,1,Whale Wars,2008,Ongoing,1,6.2,2268
tt1196094,5,155,1,Yûgiô: 5D's,2008,2011,1,6.9,1894
tt1196946,7,151,1,The Mentalist,2008,2015,1,8.2,194771
tt1197649,9,169,1,Ax Men,2008,Ongoing,1,5.6,1353
tt1198300,9,245,1,World's Dumbest,2008,2014,1,7.6,1419
tt1199099,5,65,1,Merlin,2008,2012,1,7.9,85429
tt12004280,5,49,1,Too Hot to Handle,2020,Ongoing,1,4.7,14436
tt1202543,5,86,1,Nasha Russia,2006,2011,1,6.3,1713
tt12164342,9,850,1,Dhar Mann,2018,2023,1,4.3,1209
tt1219024,8,173,1,Castle,2009,2016,1,8.1,170053
tt12245638,6,88,1,Ordem Paranormal,2020,Ongoing,1,9.2,1873
tt1225901,5,114,1,90210,2008,2013,1,6.2,45702
tt1230180,9,226,1,The Angry Video Game Nerd,2004,Ongoing,1,8.5,15822
tt1231460,6,1897,1,Late Night with Jimmy Fallon,2009,2014,1,6.8,13667
tt1234506,5,45,1,Fred,2008,2014,1,1.7,1794
tt12423408,9,354,1,Em Busca da Casa Automática,2013,Ongoing,1,9.4,2910
tt1248967,6,76,1,Top Gear USA,2008,2016,1,5.3,6098
tt1249208,9,96,1,Celebrity Family Feud,2008,Ongoing,1,6.4,1404
tt1252370,9,321,1,The Real Housewives of Atlanta,2008,Ongoing,1,4.6,4081
tt1261356,9,2332,1,Wendy: The Wendy Williams Show,2008,2022,1,3.3,1847
tt1266020,7,124,1,Parks and Recreation,2009,2015,1,8.6,277812
tt12749392,7,18,1,Sharpe,1993,2008,1,8.4,1981
tt1280627,9,4809,1,The Rachel Maddow Show,2008,Ongoing,1,6,2479
tt1280822,6,79,1,Drop Dead Diva,2009,2014,1,7.5,20617
tt1281973,9,1604,1,Bigg Boss,2006,Ongoing,1,3.8,3761
tt12853970,9,318,1,Kureyon Shinchan,1992,Ongoing,1,8.4,1330
tt1286883,5,174,1,Akasya Duragi,2008,2012,1,3,2501
tt1288631,7,84,1,Un village français,2009,2017,1,8.4,1628
tt1294955,5,55,1,Total Wipeout,2009,2012,1,6,1543
tt1297754,6,78,1,Republic of Doyle,2010,2014,1,7.6,4456
tt1299368,5,43,1,Southland,2009,2013,1,8.5,28361
tt1305826,9,289,1,Adventure Time,2010,2018,1,8.6,106224
tt1307083,9,245,1,17 Kids and Counting,2008,2015,1,2.9,2617
tt1318007,9,304,1,Celebrity Juice,2008,2022,1,7,2258
tt1319260,9,191,1,Deadly Women,2008,Ongoing,1,7.9,1938
tt1319598,5,144,1,Meet the Browns,2009,2012,1,3.7,2379
tt1319735,8,104,1,Royal Pains,2009,2016,1,7.1,22115
tt1319900,9,321,1,Ghost Adventures,2008,Ongoing,1,7.3,10049
tt1320080,5,92,1,Celebrity Ghost Stories,2008,Ongoing,1,7.1,1062
tt1325113,7,87,1,Childrens Hospital,2008,2016,1,7.8,8061
tt1327801,6,121,1,Glee,2009,2015,1,6.8,153360
tt13351440,5,35,1,Ridley Jones,2021,2023,1,2.3,1179
tt1342711,8,172,1,Man v. Food,2008,Ongoing,1,7.3,7299
tt1343865,6,133,1,Web Therapy,2008,2014,1,7.5,2166
tt1344970,7,84,1,Fantasy Factory,2009,Ongoing,1,7.6,2857
tt1349938,5,37,1,Being Human,2008,2013,1,7.8,26100
tt1352421,6,74,1,Natsume yûjinchô,2008,2017,1,8.1,2356
tt1353056,9,212,1,RuPaul's Drag Race,2009,Ongoing,1,8.5,22482
tt1353281,9,743,1,Chopped,2007,Ongoing,1,7.5,4232
tt1356878,6,139,1,Hetalia: Axis Powers,2009,2016,1,7.2,1392
tt1358522,6,81,1,White Collar,2009,2014,1,8.2,137569
tt1361787,9,305,1,Primetime: What Would You Do?,2009,Ongoing,1,7.2,1041
tt1364951,7,120,1,Toddlers and Tiaras,2009,2016,1,1.7,3706
tt1365047,9,85,1,Who Do You Think You Are?,2010,Ongoing,1,8,1466
tt1378167,9,323,1,NCIS: Los Angeles,2009,2023,1,6.8,56351
tt1381020,9,116,1,Águila Roja,2009,2016,1,6.6,1195
tt1399045,5,95,1,MacGyver,2016,2021,1,5.4,22534
tt1400819,9,137,1,Horrible Histories,2009,2023,1,8.7,5687
tt1405169,7,24,1,Newswipe,2009,2010,1,8.6,1622
tt1405406,8,171,1,The Vampire Diaries,2009,2017,1,7.7,339292
tt1409056,5,39,1,The Dudesons,2006,Ongoing,1,7,1517
tt1409069,5,255,1,Univer,2008,2011,1,5.1,1347
tt1411598,9,240,1,The Real Housewives of New Jersey,2009,Ongoing,1,4.3,3926
tt1416765,6,103,1,Parenthood,2010,2015,1,8.3,36778
tt1418572,9,102,1,Profilage,2009,2020,1,7.5,1731
tt1427175,6,149,1,Prozhektorperiskhilton,2008,2017,1,7.3,1063
tt1427816,5,50,1,Top Chef Masters,2009,Ongoing,1,7.2,1321
tt1429449,5,77,1,Lost Girl,2010,2016,1,7.6,32482
tt1430509,8,25,1,George Gently,2007,2017,1,8.1,8118
tt1430587,9,304,1,Tosh.0,2009,2020,1,7.3,16529
tt1433870,9,983,1,MasterChef Australia,2004,Ongoing,1,8.2,3808
tt1439629,6,110,1,Community,2009,2015,1,8.5,283591
tt1441109,6,102,1,Cougar Town,2009,2015,1,7,45070
tt1441143,9,471,1,heute-show,2009,Ongoing,1,7.5,1654
tt1442065,6,74,1,Rookie Blue,2010,2015,1,7.7,18202
tt1442070,9,2417,1,The Dr. Oz Show,2009,2022,1,3.8,1203
tt1442437,9,250,1,Modern Family,2009,2020,1,8.5,463069
tt1442462,7,156,1,The Good Wife,2009,2016,1,8.4,80469
tt1442464,9,215,1,The Middle,2009,2018,1,7.7,52073
tt1442550,9,323,1,Shark Tank,2009,Ongoing,1,7.7,10431
tt1442553,9,136,1,Undercover Boss,2010,Ongoing,1,5.8,3676
tt1444382,9,208,1,Cake Boss,2009,Ongoing,1,6.6,3300
tt1454730,6,95,1,16 and Pregnant,2009,Ongoing,1,3.1,2778
tt1460205,6,173,1,Dinosaur Train,2009,2023,1,6.5,1514
tt1462059,5,52,1,Falling Skies,2011,2015,1,7.1,91957
tt1466074,7,43,1,Columbo,1971,1978,1,8.3,39773
tt1468760,9,179,1,Alan Carr: Chatty Man,2009,2017,1,6,1138
tt1470837,5,120,1,The Garfield Show,2008,2016,1,5.5,3061
tt1474684,5,20,1,Luther,2010,2019,1,8.4,150753
tt1476750,9,89,1,River Monsters,2009,2017,1,8.1,5489
tt1476894,8,183,1,The Little Couple,2009,Ongoing,1,6.8,1051
tt1480684,7,84,1,The League,2009,2015,1,8.3,51154
tt1486217,9,143,1,Archer,2009,2023,1,8.6,161958
tt1489428,6,78,1,Justified,2010,2015,1,8.6,113730
tt1492088,9,633,1,Pawn Stars,2009,Ongoing,1,7.2,17544
tt1492179,8,77,1,Strike Back,2010,2020,1,8.1,32902
tt1492966,5,61,1,Louie,2010,2015,1,8.5,81067
tt1495163,9,187,1,Operation Repo,2007,2014,1,3.1,1766
tt1495708,5,75,1,Covert Affairs,2010,2014,1,7.3,30981
tt1497563,9,156,1,Hoarders,2009,Ongoing,1,6.5,3430
tt1500570,14,3695,1,Hannity,2009,Ongoing,1,3.6,2959
tt1500910,9,1166,1,Smosh,2005,Ongoing,1,6.9,3023
tt1502749,9,1124,1,The Chase,2009,Ongoing,1,7,2356
tt1509677,9,1611,1,Pointless,2009,Ongoing,1,7.2,2911
tt1511543,9,44,1,Trial & Retribution,1997,2009,1,7.6,1033
tt1513168,8,62,1,Through the Wormhole,2010,2017,1,8.6,18216
tt1519931,5,78,1,Haven,2010,2015,1,7.5,40266
tt1520211,9,177,1,The Walking Dead,2010,2022,1,8.1,1048506
tt1528406,8,339,1,Fairy Tail,2009,2019,1,7.9,26890
tt1530541,7,86,1,Offspring,2010,2017,1,8.3,5313
tt15341442,7,45,1,The Croods: Family Tree,2021,Ongoing,1,6.8,3462
tt1536735,5,10,1,Toy Stories,2009,2014,1,8.1,1162
tt1538145,9,197,1,Pit Bulls and Parolees,2009,Ongoing,1,8.1,1459
tt1548850,5,38,1,Misfits,2009,2013,1,8.2,105371
tt1549918,9,276,1,Wheeler Dealers,2003,Ongoing,1,8.2,3418
tt1551632,7,105,1,Rizzoli & Isles,2010,2016,1,7.6,36631
tt1554356,9,377,1,On the Case with Paula Zahn,2009,Ongoing,1,7.3,1008
tt1561755,9,265,1,Bob's Burgers,2011,Ongoing,1,8.2,88366
tt1561773,7,211,1,Equals Three,2009,2016,1,7.6,1768
tt1563069,6,89,1,Jersey Shore,2009,2012,1,3.8,24257
tt1563280,9,141,1,Disappeared,2009,2023,1,8,1294
tt1564698,9,96,1,Russell Howard's Good News,2009,2015,1,7.4,3032
tt1566154,9,238,1,Teen Mom,2009,Ongoing,1,3.6,4782
tt1567432,6,100,1,Teen Wolf,2011,2017,1,7.7,159033
tt1569972,5,61,1,Top Shot,2010,2013,1,7.6,1544
tt1570957,9,203,1,Worst Cooks in America,2010,Ongoing,1,6.3,1586
tt1578694,6,85,1,Yu-Gi-Oh! The Abridged Series,2006,Ongoing,1,8.6,1750
tt1578873,7,161,1,Pretty Little Liars,2010,2017,1,7.4,174789
tt1582350,5,41,1,Episodes,2011,2017,1,7.8,35987
tt1583607,6,129,1,Hot in Cleveland,2010,2015,1,7.4,15553
tt1586680,9,134,1,Shameless,2011,2021,1,8.5,265735
tt1587000,5,40,1,Rake,2010,2018,1,8.5,8413
tt1587934,9,232,1,American Ninja Warrior,2009,Ongoing,1,6.8,4169
tt1588754,9,178,1,Drag Race: Untucked!,2009,Ongoing,1,7.8,3671
tt1593584,8,74,1,Solsidan,2010,Ongoing,1,8.1,7644
tt1594381,5,88,1,Team Umizoomi,2010,2015,1,6.1,1178
tt1595859,9,275,1,Blue Bloods,2010,Ongoing,1,7.7,44914
tt1596786,9,374,1,American Pickers,2010,Ongoing,1,7,8227
tt1600194,9,240,1,Hawaii Five-0,2010,2020,1,7.4,76861
tt1601141,9,713,1,WWE NXT,2010,Ongoing,1,7.6,2208
tt1606375,6,52,1,Downton Abbey,2010,2015,1,8.7,217255
tt1608180,6,127,1,Mike & Molly,2010,2016,1,6.5,27318
tt1610527,7,86,1,Workaholics,2011,2017,1,8.1,55105
tt1616209,5,301,1,Angelo Rules,2010,Ongoing,1,6.7,1639
tt1625724,5,28,1,Love/Hate,2010,2014,1,8.5,7369
tt1628033,9,327,1,Top Gear,2002,Ongoing,1,8.7,124014
tt1632701,9,134,1,Suits,2011,2019,1,8.4,452888
tt1635327,9,847,1,The Nostalgia Critic,2007,Ongoing,1,7.5,9519
tt1637574,9,1508,1,Conan,2010,2021,1,8.2,24716
tt16409108,8,33,1,Joker,2021,2022,1,6.2,4391
tt1643266,9,242,1,Ancient Aliens,2009,Ongoing,1,7.1,12149
tt1647423,5,281,1,Interny,2010,2016,1,7.1,3481
tt1652216,5,32,1,DCI Banks,2010,2016,1,7.6,8713
tt1657563,5,25,1,Check It Out! with Dr. Steve Brule,2010,2017,1,8.6,6782
tt1663641,9,162,1,Face Off,2011,2018,1,8.2,6844
tt1663676,5,89,1,Awkward.,2011,2016,1,7.5,45411
tt1673441,9,90,1,Dual Survival,2010,2016,1,7.4,3305
tt1674417,9,162,1,Hardcore Pawn,2009,2015,1,4.8,4854
tt1674553,5,48,1,Penoza,2010,2017,1,8.2,3967
tt1688612,9,149,1,The Bay,2010,Ongoing,1,6.3,3147
tt1688779,7,85,1,"Drugs, Inc.",2010,Ongoing,1,7.8,1429
tt1693592,9,55,1,Vera,2011,Ongoing,1,8.1,17998
tt1694423,9,264,1,Masterchef,2010,Ongoing,1,7.2,9558
tt1699748,5,57,1,Hell on Wheels,2011,2016,1,8.3,54578
tt1707374,9,83,1,Beyond Scared Straight,2011,2015,1,7.3,1243
tt1710295,5,142,1,Doc McStuffins,2012,2022,1,6.6,2721
tt1710308,8,244,1,Regular Show,2010,2017,1,8.5,53502
tt1715368,9,169,1,The Annoying Orange,2009,Ongoing,1,2.9,2135
tt1718438,5,104,1,Mad,2010,2022,1,5.9,3103
tt1720601,9,286,1,The Real Housewives of Beverly Hills,2010,Ongoing,1,5.4,7008
tt1721666,9,225,1,Sister Wives,2010,Ongoing,1,4.4,2785
tt1723816,6,62,1,Girls,2012,2017,1,7.4,75881
tt1734537,6,23,1,Marple,2004,2013,1,7.8,9967
tt1737565,9,385,1,The Only Way Is Essex,2010,Ongoing,1,3.1,2292
tt1740718,9,2679,1,The Talk,2010,Ongoing,1,3.2,2340
tt1742340,5,116,1,Auction Hunters,2010,2015,1,5.9,3245
tt1743990,9,362,1,Cinemassacre's Monster Madness,2007,2023,1,8.8,2058
tt1745739,9,579,1,Las Fierbinti,2012,Ongoing,1,8.7,2742
tt1747551,9,241,1,Swamp People,2010,Ongoing,1,6.2,2555
tt1747894,9,46,1,You Know What's Bullshit,2007,Ongoing,1,7.6,1651
tt1751105,9,235,1,My Little Pony: Friendship Is Magic,2010,2020,1,7.7,22163
tt1756927,7,139,1,American Restoration,2010,2016,1,6.6,3085
tt1758772,5,105,1,Switched at Birth,2011,2017,1,7.7,25803
tt1759761,7,65,1,Veep,2012,2019,1,8.4,60964
tt1767256,5,109,1,Winners & Losers,2011,2016,1,6.9,1195
tt1771742,9,255,1,Restaurant: Impossible,2011,Ongoing,1,6.8,2165
tt1773182,9,215,1,Love It or List It,2008,Ongoing,1,6.5,2515
tt1780441,8,79,1,Portlandia,2011,2018,1,7.8,22475
tt1785123,9,310,1,Storage Wars,2010,Ongoing,1,6.3,10207
tt1786203,5,68,1,Sons of Guns,2011,2014,1,6,1519
tt1796154,9,410,1,Papiny dochki,2007,2013,1,4.8,1856
tt1796960,8,96,1,Homeland,2011,2020,1,8.3,354108
tt1797404,5,58,1,House of Lies,2012,2016,1,7.4,26065
tt1800864,9,310,1,Gold Rush,2010,Ongoing,1,7.2,5247
tt1802968,9,121,1,Nightmare Next Door,2011,Ongoing,1,7,1055
tt1807859,6,161,1,Wild Kratts,2010,Ongoing,1,7.7,2030
tt1809014,6,51,1,My Strange Addiction,2010,2015,1,5.7,1165
tt1809413,8,435,1,1 Kadin 1 Erkek,2008,2015,1,7.8,5670
tt1811179,9,134,1,Penn & Teller: Fool Us,2011,Ongoing,1,8,4033
tt1819022,5,47,1,Mrs. Brown's Boys,2011,Ongoing,1,7.1,9223
tt1820166,9,1298,1,Ridiculousness,2011,Ongoing,1,6.3,7486
tt1821220,9,242,1,Teen Mom 2,2011,Ongoing,1,4.3,2367
tt1821229,9,79,1,The Being Frank Show,2010,Ongoing,1,8.5,6726
tt1826940,7,146,1,New Girl,2011,2018,1,7.8,238661
tt1827163,6,82,1,Mob Wives,2011,2016,1,5.1,1495
tt1827882,7,188,1,Property Brothers,2011,2019,1,7.1,3401
tt1828327,9,194,1,Last Man Standing,2011,2021,1,7.5,36459
tt1830379,5,32,1,Top Boy,2011,2023,1,8.4,34928
tt1830617,6,123,1,Grimm,2011,2017,1,7.9,127055
tt1831164,7,144,1,Leyla ile Mecnun,2011,2023,1,9.1,95387
tt1832668,9,101,1,How the Universe Works,2010,Ongoing,1,8.9,7100
tt1833558,6,90,1,The Real Housewives of Miami,2011,2023,1,3.9,1519
tt1836037,6,63,1,Longmire,2012,2017,1,8.3,38531
tt1837341,9,275,1,Realnye patsany,2010,2023,1,6,1249
tt1837576,7,124,1,Scandal,2012,2018,1,7.7,78049
tt1839337,9,573,1,The Voice,2011,Ongoing,1,6.5,13088
tt1839578,5,103,1,Person of Interest,2011,2016,1,8.5,184384
tt1841204,7,104,1,Lizard Lick Towing,2011,2014,1,4.5,2020
tt1843230,7,156,1,Once Upon a Time,2011,2018,1,7.7,232679
tt1843678,5,33,1,Scott & Bailey,2011,2016,1,8,10382
tt1844624,9,129,1,American Horror Story,2011,Ongoing,1,8,333848
tt1844923,6,37,1,Friday Night Dinner,2011,2020,1,8.1,20592
tt1845307,6,138,1,2 Broke Girls,2011,2017,1,6.6,102591
tt1846197,9,39,1,Morden i Sandhamn,2010,Ongoing,1,6.9,3248
tt1849622,9,152,1,Tanked,2011,2018,1,6.5,1921
tt1850596,9,408,1,Eye on Entertainment,2005,Ongoing,1,7.7,1644
tt1856010,6,73,1,House of Cards,2013,2018,1,8.7,521265
tt1863526,8,248,1,Bar Rescue,2011,Ongoing,1,7.5,3728
tt1864017,6,58,1,Stella,2012,2017,1,8,1994
tt1865740,9,244,1,Ink Master,2012,Ongoing,1,7.4,4504
tt1866609,7,53,1,Mount Pleasant,2011,2017,1,7.4,1052
tt1871037,9,167,1,Stolichani v poveche,2011,Ongoing,1,8,1788
tt1871111,9,714,1,The Cinema Snob,2007,Ongoing,1,8.2,1691
tt1871731,9,100,1,Ninjago: Masters of Spinjitzu,2011,2019,1,7.6,6705
tt1874066,5,64,1,Paranormal Witness,2011,Ongoing,1,7.8,2752
tt1877005,9,246,1,Moonshiners,2011,Ongoing,1,6.1,1581
tt1877010,9,180,1,Alaska: The Last Frontier,2011,Ongoing,1,7.7,1734
tt1877368,9,170,1,The Great British Bake Off,2010,Ongoing,1,8.6,11819
tt1877889,5,124,1,Teenage Mutant Ninja Turtles,2012,2017,1,7.9,13755
tt1879599,9,109,1,Million Dollar Listing New York,2012,Ongoing,1,7.4,1777
tt1880898,5,62,1,Vojna akademija,2012,Ongoing,1,6.4,1575
tt1884856,5,117,1,Masha i Medved,2007,Ongoing,1,7.5,3592
tt1888075,9,102,1,Death in Paradise,2011,Ongoing,1,7.8,25266
tt1909015,5,60,1,Pod prikritie,2011,2016,1,8.9,27357
tt1911883,7,171,1,For Better or Worse,2011,2017,1,4.1,1305
tt1921518,7,1064,1,Crime Patrol,2003,Ongoing,1,7.9,1575
tt1933073,9,100,1,My Cat from Hell,2011,2018,1,7.7,1565
tt1933854,9,301,1,Made in Chelsea,2011,Ongoing,1,4.6,2320
tt1934673,9,144,1,Homicide Hunter: Lt. Joe Kenda,2011,2020,1,8.8,3519
tt1936532,6,105,1,Major Crimes,2012,2018,1,7.7,15514
tt1942683,7,242,1,The Amazing World of Gumball,2011,2019,1,8.3,38376
tt1948830,9,93,1,Finding Bigfoot,2011,Ongoing,1,4.1,1976
tt1954804,5,85,1,Saving Hope,2012,2017,1,7.4,7347
tt1960255,9,209,1,Geordie Shore,2011,2022,1,5.2,4602
tt1967111,9,708,1,Jake and Amir,2007,2023,1,8.6,1105
tt1971245,9,157,1,The Voice UK,2012,Ongoing,1,5.6,1361
tt1973692,5,40,1,Rita,2012,2020,1,8.1,9783
tt1981471,13,3193,1,The Five,2011,Ongoing,1,5.9,1387
tt1981558,5,55,1,Key and Peele,2012,2015,1,8.3,24586
tt1983079,9,114,1,Call the Midwife,2012,Ongoing,1,8.6,29617
tt1991410,8,234,1,Dance Moms,2011,2019,1,4.6,6780
tt1997999,9,132,1,Shahs of Sunset,2012,2021,1,4.8,1630
tt1999065,9,278,1,Bab Al Haara,2006,2017,1,6.7,2413
tt2006005,7,72,1,Trollied,2011,2018,1,7.3,2678
tt2010806,9,140,1,Long Island Medium,2010,Ongoing,1,4.8,1483
tt2012511,9,225,1,The Dead Files,2011,Ongoing,1,6.7,2831
tt2014553,6,138,1,Daniel Tiger's Neighborhood,2012,Ongoing,1,7.4,1356
tt2039625,7,87,1,Epic Rap Battles of History,2010,Ongoing,1,8.1,3572
tt2049116,5,58,1,Gomorra: La serie,2014,2021,1,8.7,42758
tt2049323,9,229,1,The Jonathan Ross Show,2011,Ongoing,1,6.1,1277
tt2061165,9,278,1,How It Should Have Ended,2005,Ongoing,1,8.2,3696
tt2070564,14,7496,1,WatchMojo,2006,Ongoing,1,5.6,2339
tt2076566,9,364,1,Mysteries at the Museum,2010,Ongoing,1,8.1,1309
tt2076610,7,87,1,Project Runway All Stars,2012,Ongoing,1,7,1870
tt2078690,8,67,1,Brain Games,2011,Ongoing,1,8.2,3468
tt2084712,5,71,1,Young & Hungry,2014,2018,1,7.3,16494
tt2085059,6,27,1,Black Mirror,2011,Ongoing,1,8.7,613844
tt2089467,9,243,1,Talking Dead,2011,Ongoing,1,7.2,3643
tt2100976,9,278,1,Impractical Jokers,2011,Ongoing,1,8.6,44034
tt2128016,8,88,1,Mr. D,2012,2018,1,7.4,2595
tt2128103,9,113,1,Shipping Wars,2012,Ongoing,1,6.4,1679
tt2129304,8,124,1,Hotel Impossible,2012,2017,1,7.8,1133
tt2136396,9,279,1,The Incredible Dr. Pol,2011,Ongoing,1,8.6,1967
tt2147632,9,145,1,Mystery Diners,2011,Ongoing,1,3.7,1420
tt2147995,7,31,1,Der Tatortreiniger,2011,2018,1,8.5,7698
tt2149175,6,75,1,The Americans,2013,2018,1,8.4,107290
tt2150568,5,28,1,Immersion,2010,2017,1,8.6,1072
tt2152112,9,171,1,My 600-lb Life,2012,Ongoing,1,6.7,1985
tt2169245,9,123,1,MeatEater,2012,Ongoing,1,7.6,1618
tt2171037,9,121,1,Helt perfekt,2011,Ongoing,1,7.5,1073
tt2174367,7,96,1,Comic Book Men,2012,2018,1,7.7,5540
tt2176287,5,110,1,Comedy Bang! Bang!,2012,2016,1,7.6,4515
tt2177489,6,100,1,Baby Daddy,2012,2017,1,7.3,21260
tt2182427,9,187,1,Bering Sea Gold,2012,Ongoing,1,6.7,1698
tt2183641,5,36,1,Ripper Street,2012,2016,1,8.1,22053
tt2184186,9,157,1,A League of Their Own,2010,Ongoing,1,7.7,1632
tt2188671,5,50,1,Bates Motel,2013,2017,1,8.1,114016
tt2191567,9,246,1,Wicked Tuna,2012,Ongoing,1,6.5,1055
tt2191671,7,154,1,Elementary,2012,2019,1,7.9,115997
tt2191991,5,54,1,Funny or Die's Billy on the Street,2011,Ongoing,1,7.8,2584
tt2193021,8,170,1,Arrow,2012,2020,1,7.5,441433
tt2202488,9,170,1,Mountain Men,2012,Ongoing,1,7.3,1687
tt2204916,6,76,1,Eddsworld,2003,Ongoing,1,8.7,1034
tt2211129,6,117,1,The Mindy Project,2012,2017,1,7.5,34292
tt2215842,9,111,1,Father Brown,2013,Ongoing,1,7.8,13792
tt2216156,5,24,1,Last Tango in Halifax,2012,2020,1,8.4,8303
tt2222352,5,33,1,Cuckoo,2012,Ongoing,1,7.2,10471
tt2229907,9,132,1,Duck Dynasty,2012,2017,1,6.2,11057
tt2234222,5,50,1,Orphan Black,2013,2017,1,8.3,114873
tt2235201,9,258,1,The Angry Joe Show,2009,Ongoing,1,7.4,1315
tt2244077,8,195,1,Littlest Pet Shop,2012,2022,1,6.3,1029
tt2244495,6,69,1,The Eric Andre Show,2012,Ongoing,1,8.6,21051
tt2249007,7,82,1,Ray Donovan,2013,2020,1,8.3,91385
tt2258904,6,67,1,A Place to Call Home,2013,2018,1,8.3,6057
tt2261391,9,239,1,Chicago Fire,2012,Ongoing,1,8,61465
tt2262532,5,104,1,The Fosters,2013,2018,1,8,29773
tt2281375,6,124,1,Nashville,2012,2018,1,7.7,26924
tt2288050,5,59,1,Here Comes Honey Boo Boo,2012,2017,1,2.5,7486
tt2289131,9,49,1,Off the Air,2011,Ongoing,1,8.5,1009
tt2290891,7,180,1,Al Kabeer,2010,2023,1,8.6,4055
tt2293002,8,80,1,Ben 10: Omniverse,2012,2014,1,6.3,6800
tt2301351,8,82,1,RuPaul's Drag Race All Stars,2012,Ongoing,1,8.6,9421
tt2303687,7,37,1,Line of Duty,2012,2021,1,8.7,66379
tt2306299,6,93,1,Vikings,2013,2020,1,8.5,563180
tt2314952,9,85,1,Comedians in Cars Getting Coffee,2012,Ongoing,1,8,13310
tt2317751,9,1032,1,Indian Premier League,2008,Ongoing,1,7.8,2380
tt2321596,5,63,1,Wolfblood,2012,2017,1,7.4,3887
tt2326517,9,101,1,"Finding Your Roots with Henry Louis Gates, Jr.",2012,Ongoing,1,8.6,1469
tt2327804,9,236,1,Kids React,2010,Ongoing,1,5,1055
tt2334302,5,34,1,Citizen Khan,2012,2016,1,6.3,3323
tt2338096,9,188,1,Counting Cars,2012,Ongoing,1,7,2900
tt2342499,9,158,1,Below Deck,2013,Ongoing,1,7.5,4573
tt2343157,9,209,1,Vanderpump Rules,2013,Ongoing,1,6,3609
tt2345459,9,155,1,8 Out of 10 Cats Does Countdown,2012,Ongoing,1,8.2,6396
tt2345481,5,52,1,Being Mary Jane,2013,2019,1,7.6,4187
tt2346169,9,157,1,Fast n' Loud,2012,Ongoing,1,7.4,2833
tt2348531,9,237,1,Half in the Bag,2011,Ongoing,1,9.3,5032
tt2359704,5,194,1,JoJo no Kimyô na Bôken,2012,Ongoing,1,8.5,31174
tt2361816,9,219,1,Seksenler,2012,2022,1,6.9,2610
tt2362231,5,141,1,JonTron,2010,Ongoing,1,8.6,3518
tt2363624,6,148,1,Yu-Gi-Oh! Zexal,2011,2014,1,5.2,1075
tt2364582,7,136,1,Agents of S.H.I.E.L.D.,2013,2020,1,7.5,223048
tt2372162,7,91,1,Orange Is the New Black,2013,2019,1,8,314437
tt2374744,8,233,1,The Next Step,2013,Ongoing,1,6.2,2192
tt2375720,6,46,1,The Doctor Blake Mysteries,2013,2018,1,8,4917
tt2390276,9,179,1,Highway Thru Hell,2012,Ongoing,1,8,1263
tt2392261,5,112,1,The Lizzie Bennet Diaries,2012,Ongoing,1,8.8,3278
tt2396135,8,44,1,Shetland,2013,Ongoing,1,8.3,22277
tt2400629,9,98,1,Coke Studio,2008,Ongoing,1,9.6,1262
tt2402207,5,56,1,The Last Ship,2014,2018,1,7.4,62350
tt2402569,6,111,1,Cold Justice,2013,Ongoing,1,8,1878
tt2433738,9,100,1,Wentworth,2013,2021,1,8.6,23715
tt2442560,6,36,1,Peaky Blinders,2013,2022,1,8.8,610199
tt2445666,9,203,1,Studio C,2012,Ongoing,1,8.6,1313
tt2455546,5,127,1,Avengers Assemble,2012,2019,1,7,8135
tt2467372,8,153,1,Brooklyn Nine-Nine,2013,2021,1,8.4,343739
tt2486436,9,90,1,Just for Laughs Gags,2001,Ongoing,1,7.6,1028
tt2498968,8,260,1,Catfish: The TV Show,2012,Ongoing,1,7.1,8862
tt2510616,6,87,1,The Mind of a Chef,2012,2017,1,8,1422
tt2548200,5,57,1,Slugterra,2012,2016,1,7.1,2042
tt2559314,9,419,1,The Screen Junkies Show,2011,Ongoing,1,7.9,1665
tt2575988,6,53,1,Silicon Valley,2014,2019,1,8.5,160573
tt2578508,5,44,1,Inside Amy Schumer,2013,2022,1,6.2,13310
tt2578560,5,50,1,Broad City,2014,2019,1,8.4,34734
tt2580046,5,139,1,Miraculous: Tales of Ladybug & Cat Noir,2015,Ongoing,1,7.5,14504
tt2608368,5,61,1,Real Husbands of Hollywood,2013,Ongoing,1,7.7,4412
tt2610260,9,546,1,Honest Trailers,2012,Ongoing,1,8.5,4698
tt2632424,5,92,1,The Originals,2013,2018,1,8.3,143742
tt2644032,8,83,1,Barbie: Life in the Dreamhouse,2012,2015,1,7.5,2564
tt2660806,8,170,1,Mom,2013,2021,1,7.4,38004
tt2661044,7,100,1,The 100,2014,2020,1,7.6,267153
tt2674806,9,50,1,Inside No. 9,2014,Ongoing,1,8.5,18877
tt2699110,5,53,1,The Affair,2014,2019,1,7.9,48104
tt2701582,9,36,1,Endeavour,2012,2023,1,8.6,31565
tt2712612,6,72,1,Drunk History,2013,2019,1,7.8,12230
tt2712740,9,229,1,The Goldbergs,2013,2023,1,8,39889
tt2717740,9,140,1,Circus Halligalli,2013,2017,1,6.6,1144
tt2729716,8,215,1,The Haves and the Have Nots,2013,2021,1,6,3591
tt2731624,5,38,1,Plebs,2013,2019,1,7.8,8679
tt2741602,9,218,1,The Blacklist,2013,2023,1,8,271931
tt2762330,9,209,1,Gogglebox,2013,Ongoing,1,7.4,2866
tt2768802,5,96,1,Mickey Mouse,2013,2019,1,8.1,3589
tt2771780,9,391,1,Teen Titans Go!,2013,Ongoing,1,5.5,23493
tt2776888,9,305,1,Big Brother Canada,2013,Ongoing,1,6.8,1134
tt2777882,8,703,1,El Señor de los Cielos,2013,Ongoing,1,6.8,1288
tt2782710,6,131,1,Vice,2013,2021,1,8.8,4359
tt2789238,5,61,1,Strike the Blood,2013,2022,1,6.9,1786
tt2802850,5,51,1,Fargo,2014,2024,1,8.9,390067
tt2805096,9,208,1,Chicago P.D.,2014,Ongoing,1,8.1,42142
tt2815522,9,129,1,Southern Charm,2013,Ongoing,1,6.5,1293
tt2817246,5,45,1,Girlfriends' Guide to Divorce,2014,2018,1,6.9,4775
tt2819924,9,99,1,Candice Renoir,2013,Ongoing,1,7.6,1987
tt2838492,9,101,1,Treehouse Masters,2013,Ongoing,1,7.2,1531
tt2845786,9,107,1,Anthony Bourdain: Parts Unknown,2013,2018,1,8.8,6694
tt2861424,9,74,1,Rick and Morty,2013,Ongoing,1,9.1,569840
tt2874692,9,111,1,When Calls the Heart,2014,Ongoing,1,7.9,14094
tt2882076,9,98,1,Still Standing,2015,Ongoing,1,8.2,1620
tt2891574,5,47,1,Ballers,2015,2019,1,7.6,52091
tt2902088,9,160,1,Flip or Flop,2013,2022,1,6.2,2093
tt2910420,9,1864,1,Drzavni Posao,2012,Ongoing,1,9.4,3621
tt2919910,9,184,1,Whose Line Is It Anyway?,2013,2023,1,8.4,9263
tt2930446,9,193,1,Cutthroat Kitchen,2013,Ongoing,1,7.3,2168
tt2930610,6,120,1,Kukhnya,2012,2016,1,8.5,5457
tt2960144,9,55,1,Badehotellet,2013,Ongoing,1,7.9,3547
tt2963600,8,391,1,James & Mike Mondays,2012,2020,1,7.4,1549
tt2964642,9,236,1,Life Below Zero,2013,Ongoing,1,7.9,2152
tt2980110,9,166,1,First Dates,2013,Ongoing,1,7.2,1204
tt3004376,8,1377,1,The Real,2013,2022,1,4.6,1478
tt3006802,8,92,1,Outlander,2014,Ongoing,1,8.4,173558
tt3007640,9,188,1,Naked and Afraid,2013,Ongoing,1,6.6,4737
tt3019170,8,82,1,Mountain Monsters,2013,Ongoing,1,5.3,1782
tt3027156,9,187,1,Street Outlaws,2013,Ongoing,1,6.5,1114
tt3032476,6,63,1,Better Call Saul,2015,2022,1,9,608545
tt3037520,6,78,1,Hollywood Game Night,2013,2020,1,7.3,1765
tt3038248,8,100,1,MasterChef Junior,2013,Ongoing,1,6.8,2961
tt3042608,5,153,1,Uncle Grandpa,2010,2017,1,4.4,6894
tt3044834,5,38,1,A Crime to Remember,2013,2018,1,8.2,1330
tt3056472,9,122,1,Total Divas,2013,2019,1,6.5,1843
tt3061046,5,155,1,Steven Universe,2013,2019,1,8.2,37863
tt3062514,9,287,1,Khawatir,2005,2015,1,9.5,3239
tt3066242,9,157,1,RWBY,2012,Ongoing,1,7.7,7449
tt3080030,8,120,1,The Profit,2013,2021,1,8.3,1627
tt3105674,5,64,1,Rabbids Invasion,2013,2019,1,5.4,2105
tt3107288,9,184,1,The Flash,2014,2023,1,7.5,363538
tt3121722,9,252,1,PAW Patrol,2013,Ongoing,1,6.1,4022
tt3138102,9,100,1,Side om side,2013,Ongoing,1,7.8,1791
tt3149010,5,23,1,Suspects,2014,2016,1,7.2,1357
tt3163562,5,40,1,Utopia,2014,Ongoing,1,8.4,2624
tt3165150,9,440,1,Guy's Grocery Games,2013,Ongoing,1,6.7,1628
tt3189976,5,17,1,Gravity Falls Shorts,2013,2014,1,8.3,3055
tt3204810,9,131,1,On Cinema,2012,Ongoing,1,9.2,1580
tt3205302,9,406,1,Beat Bobby Flay,2013,Ongoing,1,6.4,1340
tt3205802,6,90,1,How to Get Away with Murder,2014,2020,1,8.1,161554
tt3228420,5,62,1,You're the Worst,2014,2019,1,8.1,27556
tt3228904,6,103,1,Empire,2015,2020,1,7.4,40482
tt3230854,6,62,1,The Expanse,2015,2022,1,8.5,165305
tt3281796,6,63,1,Power,2014,2020,1,8.1,50579
tt3286728,9,197,1,Neo Magazin,2013,2019,1,7.8,1410
tt3288518,7,84,1,Younger,2015,2021,1,7.8,24681
tt3330720,9,317,1,The Last Leg,2012,Ongoing,1,7.1,1630
tt3333880,9,97,1,Wahlburgers,2014,2019,1,6.7,1699
tt3339966,5,52,1,Unbreakable Kimmy Schmidt,2015,2020,1,7.6,76741
tt3398228,6,77,1,BoJack Horseman,2014,2020,1,8.8,177457
tt3425318,6,41,1,Still Open All Hours,2013,2019,1,6.4,1805
tt3437626,5,93,1,Happy Tree Friends,1999,Ongoing,1,7.3,1902
tt3444938,9,1881,1,The Tonight Show Starring Jimmy Fallon,2014,Ongoing,1,7.1,18742
tt3446786,9,107,1,Neste sommer,2014,Ongoing,1,7.6,1109
tt3455408,9,195,1,The Curse of Oak Island,2014,Ongoing,1,6.9,6304
tt3469050,9,124,1,90 Day Fiancé,2014,Ongoing,1,6.4,2418
tt3484274,9,106,1,Are You the One?,2014,Ongoing,1,6.6,2800
tt3487356,8,176,1,Black-ish,2014,2022,1,7.3,24924
tt3487478,5,43,1,Smeris,2014,2020,1,7.5,1582
tt3496230,6,184,1,Alvinnn!!! And the Chipmunks,2015,Ongoing,1,4.5,1584
tt3498954,9,1101,1,Everything Wrong with...,2012,Ongoing,1,6.7,2944
tt3501074,6,120,1,Madam Secretary,2014,2019,1,7.7,25362
tt3501584,5,71,1,iZombie,2015,2019,1,7.8,72271
tt3502248,7,68,1,Bosch,2014,2021,1,8.5,78386
tt3502262,5,42,1,Transparent,2014,2019,1,7.8,23182
tt3513388,9,1450,1,Late Night with Seth Meyers,2014,Ongoing,1,6.3,7675
tt3522052,9,95,1,Ex on the Beach,2014,Ongoing,1,4.7,1283
tt3526078,6,80,1,Schitt's Creek,2015,2020,1,8.5,136534
tt3530232,9,331,1,Last Week Tonight with John Oliver,2014,Ongoing,1,8.9,93330
tt3551096,6,116,1,Fresh Off the Boat,2015,2020,1,7.8,27434
tt3559124,6,222,1,The Tom and Jerry Show,2014,2022,1,7.1,3023
tt3559912,5,98,1,The Carbonaro Effect,2014,Ongoing,1,7.5,2457
tt3560084,7,155,1,NCIS: New Orleans,2014,2021,1,6.8,19708
tt3566726,5,100,1,Jane the Virgin,2014,2019,1,7.9,56491
tt3596174,5,121,1,Henry Danger,2014,2020,1,5.9,6747
tt3609352,7,94,1,Grace and Frankie,2015,2022,1,8.2,55462
tt3636060,5,43,1,Poldark,2015,2019,1,8.3,34650
tt3640276,9,42,1,The Brokenwood Mysteries,2014,Ongoing,1,7.9,6537
tt3645318,6,102,1,If Loving You Is Wrong,2014,2020,1,5.7,1443
tt3665674,9,144,1,Alaskan Bush People,2014,Ongoing,1,6,2637
tt3688530,9,205,1,Chrisley Knows Best,2014,2023,1,4.9,2374
tt3697842,9,1432,1,The Late Show with Stephen Colbert,2015,Ongoing,1,7.2,14517
tt3725394,6,44,1,The Island with Bear Grylls,2014,2019,1,7.3,1396
tt3743822,8,113,1,Fear the Walking Dead,2015,2023,1,6.8,138508
tt3747572,8,52,1,Grantchester,2014,2023,1,7.9,16410
tt3749900,5,100,1,Gotham,2014,2019,1,7.8,237368
tt3762198,5,27,1,People Just Do Nothing,2014,2018,1,8.5,7754
tt3780132,9,93,1,Bachelor in Paradise,2014,Ongoing,1,5.4,1971
tt3781836,8,140,1,Botched,2014,Ongoing,1,6.8,1495
tt3787754,7,27,1,Total Drama Presents: The Ridonculous Race,2015,2015,1,7.5,2201
tt3787912,9,128,1,Best of the Worst,2013,Ongoing,1,9.4,3623
tt3807022,5,66,1,All Hail King Julien,2014,2017,1,7.1,2311
tt3807034,6,77,1,The Adventures of Puss in Boots,2015,2018,1,6.5,2317
tt3816666,8,65,1,Running Wild with Bear Grylls,2014,Ongoing,1,7.6,2962
tt3843168,5,68,1,Z Nation,2014,2018,1,6.7,38313
tt3868860,9,313,1,Married at First Sight,2014,Ongoing,1,6.2,2408
tt3869500,5,90,1,Tiny House Nation,2014,Ongoing,1,7.1,1274
tt3906732,7,76,1,Good Witch,2015,2021,1,7.3,11873
tt3908868,6,49,1,Decker,2014,2017,1,8.1,1471
tt3909224,5,101,1,Nanatsu no taizai,2014,2021,1,7.8,36147
tt3952222,5,50,1,Killjoys,2015,2019,1,7.2,23103
tt3986586,5,76,1,Fuller House,2016,2020,1,6.7,28841
tt4014320,5,359,1,Kaisi Yeh Yaariyan,2014,Ongoing,1,8,2150
tt4016454,6,126,1,Supergirl,2015,2021,1,6.2,127939
tt4052886,6,93,1,Lucifer,2016,2021,1,8.1,344218
tt4063800,5,50,1,Le Bureau des Légendes,2015,Ongoing,1,8.7,13274
tt4067420,9,416,1,Super Mario Logan,2007,2021,1,6.3,1315
tt4087032,9,2263,1,Good Mythical Morning,2012,Ongoing,1,8.8,2242
tt4148744,5,133,1,PJ Masks,2015,2022,1,5.4,1469
tt4150832,8,336,1,No Small Parts,2014,Ongoing,1,8,1200
tt4179452,5,46,1,The Last Kingdom,2015,2022,1,8.5,158893
tt4189570,9,134,1,See No Evil,2014,Ongoing,1,8.1,1157
tt4192812,6,31,1,Unforgotten,2015,Ongoing,1,8.4,27884
tt4202274,7,177,1,The Filthy Frank Show,2011,2017,1,9.2,33184
tt4236770,5,53,1,Yellowstone,2018,Ongoing,1,8.7,192196
tt4254242,5,65,1,The Magicians,2015,2020,1,7.6,54491
tt4270492,7,84,1,Billions,2016,2023,1,8.3,102735
tt4280606,9,1199,1,The Late Late Show with James Corden,2015,2023,1,5.7,10775
tt4287464,7,75,1,Nightwatch,2015,Ongoing,1,8.8,1074
tt4295140,6,30,1,Chef's Table,2015,2019,1,8.5,16534
tt4305162,9,205,1,Expedition Unknown,2015,Ongoing,1,8.2,3491
tt4320258,5,179,1,Dirilis: Ertugrul,2014,2019,1,7.9,38967
tt4326894,5,44,1,F Is for Family,2015,2021,1,8,40129
tt4335742,5,108,1,Lip Sync Battle,2015,2019,1,7.3,3848
tt4370596,5,52,1,Better Things,2016,2022,1,7.9,17367
tt4378376,5,41,1,Babylon Berlin,2017,Ongoing,1,8.4,28160
tt4388486,9,144,1,My Big Fat Fabulous Life,2015,Ongoing,1,3.6,1071
tt4419214,7,88,1,Queen Sugar,2016,2022,1,7.8,5470
tt4426042,5,49,1,Mazhor,2014,Ongoing,1,7.6,1793
tt4453930,9,236,1,Screen Junkies Movie Fights,2014,Ongoing,1,7.9,1013
tt4458594,7,140,1,Blaze and the Monster Machines,2014,2023,1,5.7,1039
tt4474344,5,100,1,Blindspot,2015,2020,1,7.3,77460
tt4477976,6,113,1,Superstore,2015,2021,1,7.9,65137
tt4523638,8,71,1,I Am Jazz,2015,Ongoing,1,4.3,1105
tt4532368,7,110,1,Legends of Tomorrow,2016,2022,1,6.8,108572
tt4547008,9,534,1,Game Theory,2011,Ongoing,1,6.6,1847
tt4565380,5,49,1,Fauda,2015,Ongoing,1,8.3,34591
tt4570986,9,634,1,Chhota Bheem,2008,Ongoing,1,4.5,1087
tt4574334,5,42,1,Stranger Things,2016,2025,1,8.7,1280483
tt4591390,5,80,1,Fixer Upper,2013,2018,1,8.1,3328
tt4591680,7,151,1,Bunk'd,2015,Ongoing,1,5.4,3855
tt4647692,9,76,1,Letterkenny,2016,Ongoing,1,8.6,26713
tt4654002,5,177,1,The Needle Drop,2009,Ongoing,1,7.8,1049
tt4655480,8,163,1,Chicago Med,2015,Ongoing,1,7.6,28037
tt4667888,5,40,1,Slasher,2016,Ongoing,1,6.7,16266
tt4680444,9,235,1,Forged in Fire,2015,Ongoing,1,8.3,4129
tt4690816,7,297,1,The Greg Gutfeld Show,2015,2021,1,6.1,1190
tt4716466,6,46,1,Gåsmamman,2015,2022,1,7.5,3471
tt4719744,9,57,1,Travel Man: 48 Hours in...,2015,Ongoing,1,8.2,3163
tt4731072,5,92,1,Shokugeki no Soma,2015,2020,1,8.1,11581
tt4770018,9,489,1,Love Island,2015,Ongoing,1,5.2,4403
tt4771108,9,264,1,Married at First Sight Australia,2015,Ongoing,1,5.6,1067
tt4786824,6,60,1,The Crown,2016,2023,1,8.6,234779
tt4791250,9,99,1,Naked and Afraid XL,2015,Ongoing,1,7.3,1791
tt4803766,9,119,1,Alone,2015,Ongoing,1,8.4,6893
tt4816058,6,78,1,Dragons: Race to the Edge,2015,2018,1,8.2,7640
tt4816364,8,103,1,BattleBots,2015,Ongoing,1,8,1970
tt4859164,7,193,1,The Loud House,2014,Ongoing,1,7,7703
tt4861760,6,26,1,Project Mc²,2015,2017,1,6.1,1222
tt4919930,5,46,1,Baroness Von Sketch Show,2016,2021,1,7.4,1601
tt4934214,9,149,1,Taskmaster,2015,Ongoing,1,9,17283
tt4971144,5,60,1,Greenleaf,2016,2020,1,7.5,5766
tt5024912,5,44,1,Insecure,2016,2021,1,8.1,21198
tt5106590,6,325,1,IMDb Originals,2015,Ongoing,1,7.1,1040
tt5151816,6,55,1,Chesapeake Shores,2016,2022,1,7.5,8900
tt5171438,5,65,1,Star Trek: Discovery,2017,2024,1,7.1,129929
tt5175270,6,199,1,Eskiya Dünyaya Hükümdar Olmaz,2015,2021,1,6.8,2706
tt5179408,5,50,1,You Me Her,2016,2020,1,7,10929
tt5189220,8,45,1,SAS: Who Dares Wins,2015,Ongoing,1,8.3,1355
tt5197820,5,65,1,Van Helsing,2016,2021,1,6.2,23577
tt5226698,5,40,1,Rosehaven,2016,2021,1,7.9,1503
tt5323298,7,479,1,Naagin,2015,Ongoing,1,3.6,4551
tt5323988,7,213,1,Full Frontal with Samantha Bee,2016,2022,1,6,6671
tt5327970,8,150,1,The Real Housewives of Potomac,2016,Ongoing,1,5.4,1252
tt5351176,8,125,1,The Circus: Inside the Greatest Political Show on Earth,2016,Ongoing,1,7.2,1282
tt5363912,5,41,1,The Last O.G.,2018,2021,1,7,3905
tt5363918,5,50,1,Disenchantment,2018,2023,1,7.2,69703
tt5365760,9,158,1,Güldür Güldür Show,2013,Ongoing,1,6.6,2039
tt5396394,5,103,1,American Housewife,2016,2021,1,7.4,10929
tt5420376,7,137,1,Riverdale,2017,2023,1,6.5,152068
tt5460226,5,50,1,Search Party,2016,2022,1,7.6,13015
tt5489746,9,132,1,Evil Lives Here,2016,Ongoing,1,8,1605
tt5547946,6,36,1,Ride with Norman Reedus,2016,Ongoing,1,8.2,1428
tt5555260,6,106,1,This Is Us,2016,2022,1,8.7,152704
tt5556434,9,121,1,Zondag met Lubach,2014,Ongoing,1,8.4,1032
tt5564124,8,112,1,60 Days In,2016,Ongoing,1,7.6,3092
tt5574490,6,75,1,Animal Kingdom,2016,2022,1,8.2,42133
tt5580664,8,76,1,Voltron: Legendary Defender,2016,2018,1,8.1,9466
tt5601646,9,11,1,Olacak O Kadar,1986,2010,1,8.5,3030
tt5603868,6,41,1,Two Doors Down,2016,Ongoing,1,8,1885
tt5626028,6,144,1,Boku no hîrô akademia,2016,Ongoing,1,8.3,73389
tt5665418,8,137,1,Below Deck Mediterranean,2016,Ongoing,1,7.6,3452
tt5672484,6,65,1,Match Game,2016,2021,1,6.2,1417
tt5674718,5,42,1,Las chicas del cable,2017,2020,1,7.5,15656
tt5679720,6,62,1,Bungou Stray Dogs,2016,Ongoing,1,7.8,8701
tt5710198,8,102,1,Good Bones,2016,2023,1,7.5,1031
tt5712554,5,45,1,The Grand Tour,2016,Ongoing,1,8.7,80528
tt5715524,5,50,1,Mayans M.C.,2018,2023,1,7.6,23061
tt5722298,5,60,1,Private Eyes,2016,2021,1,7.3,5456
tt5723284,9,130,1,I Hate Everything,2013,Ongoing,1,8.3,3667
tt5763098,8,115,1,re:View,2016,Ongoing,1,8.9,1678
tt5788792,5,43,1,The Marvelous Mrs. Maisel,2017,2023,1,8.7,137023
tt5797374,5,60,1,Camp Camp,2016,Ongoing,1,8,1600
tt5820950,9,186,1,The Egos,2016,Ongoing,1,4.7,2185
tt5820976,5,43,1,El marginal,2016,2022,1,8.1,4493
tt5827228,6,125,1,Bull,2016,2022,1,7.1,21570
tt5834204,6,57,1,The Handmaid's Tale,2017,Ongoing,1,8.4,250870
tt5851616,9,207,1,Tash ma Tash,1994,2023,1,9.1,8742
tt5853176,6,60,1,The Good Fight,2017,2022,1,8.3,31151
tt5863126,5,40,1,Last Chance U,2016,2020,1,8.4,7336
tt5897920,9,84,1,Your Movie Sucks,2010,Ongoing,1,8.7,4203
tt5907796,6,67,1,Ubice mog oca,2016,Ongoing,1,8.1,5129
tt5912064,5,65,1,Kim's Convenience,2016,2021,1,8.2,21587
tt5969074,9,69,1,Naked Attraction,2016,Ongoing,1,5.4,1518
tt6015808,5,48,1,Doctor Doctor,2016,2021,1,7.8,3349
tt6045142,9,94,1,Dr. Pimple Popper,2018,Ongoing,1,6.6,1173
tt6071060,5,51,1,Jerks,2017,Ongoing,1,8.5,3600
tt6098952,9,1309,1,Chris Stuckmann Movie Reviews,2011,2023,1,8.4,1733
tt6103712,8,199,1,Australian Survivor,2016,Ongoing,1,8.5,1284
tt6111130,7,129,1,S.W.A.T.,2017,2023,1,7.2,29654
tt6116060,5,52,1,The Bold Type,2017,2021,1,7.8,23433
tt6128300,5,108,1,Dynasty,2017,2022,1,7.3,24245
tt6143796,7,83,1,Workin' Moms,2017,2023,1,7.8,22084
tt6148376,5,188,1,Ben 10,2016,2021,1,2.8,5620
tt6159614,7,54,1,I Hate Everything: the Search for the Worst,2014,Ongoing,1,8.6,1926
tt6181672,7,71,1,Kindred Spirits,2016,Ongoing,1,7.1,1281
tt6224598,8,689,1,Khandevaneh,2014,Ongoing,1,5.6,1993
tt6226232,7,128,1,Young Sheldon,2017,Ongoing,1,7.6,82428
tt6231158,5,21,1,Rocco Schiavone,2016,Ongoing,1,7.8,2105
tt6238614,5,2685,1,Tucker Carlson Tonight,2016,2023,1,4.6,4207
tt6249614,9,53,1,Escape to the Chateau,2016,2022,1,8.6,1803
tt6289132,5,40,1,The Boulet Brothers' Dragula: Search for the World's First Drag Supermonster,2016,Ongoing,1,8.1,1415
tt6294706,6,66,1,The Chi,2018,Ongoing,1,7.6,7422
tt6311972,6,123,1,Raven's Home,2017,Ongoing,1,7.2,3663
tt6322264,7,27,1,Inside the World's Toughest Prisons,2016,2023,1,7.2,3762
tt6416336,9,50,1,HowToBasic,2011,Ongoing,1,6.4,1043
tt6417190,6,55,1,The Great Pottery Throw Down,2015,Ongoing,1,8.6,1274
tt6439752,6,61,1,Snowfall,2017,2023,1,8.3,25358
tt6441720,5,26,1,The Good Karma Hospital,2017,2023,1,7.9,2754
tt6445410,8,112,1,A mi kis falunk,2017,Ongoing,1,8,1880
tt6468322,5,41,1,La casa de papel,2017,2021,1,8.2,509850
tt6470478,7,117,1,The Good Doctor,2017,Ongoing,1,8,107813
tt6473344,7,105,1,SEAL Team,2017,Ongoing,1,7.8,30604
tt6483832,6,107,1,The Resident,2018,2023,1,7.8,30032
tt6522580,5,49,1,Little Things,2016,Ongoing,1,8.2,7348
tt6524350,8,72,1,Big Mouth,2017,2024,1,7.9,85858
tt6536562,5,154,1,Payitaht Abdülhamid,2017,2021,1,5,10876
tt6543986,6,43,1,Sifir Bir,2016,2019,1,8,3074
tt6556992,9,324,1,Hot Ones,2015,Ongoing,1,8.3,1966
tt6574360,5,107,1,Irmão do Jorel,2014,Ongoing,1,9.1,1234
tt6609270,5,181,1,Dorehami,2016,Ongoing,1,6.7,5313
tt6636246,5,46,1,Ackley Bridge,2017,2022,1,7.1,2049
tt6666966,7,75,1,Home Town,2016,Ongoing,1,8.1,1351
tt6685272,9,293,1,The Repair Shop,2017,Ongoing,1,8.7,1789
tt6688750,5,116,1,Puppy Dog Pals,2017,2023,1,6.8,1224
tt6710836,8,55,1,Spirit Riding Free,2017,2020,1,6.6,1103
tt6723522,7,55,1,BuzzFeed Unsolved: Supernatural,2016,2021,1,8.8,1708
tt6758316,9,1103,1,Formula 1,1950,Ongoing,1,9.4,3309
tt6902574,5,15,1,h3h3Productions,2013,Ongoing,1,7.8,1498
tt6987788,7,43,1,Nailed It!,2018,Ongoing,1,7.4,5266
tt7018644,6,96,1,Grown-ish,2018,Ongoing,1,6.5,6405
tt7035576,5,150,1,Al Hayba,2017,Ongoing,1,7.4,1521
tt7053188,7,96,1,Station 19,2018,Ongoing,1,7,18566
tt7134908,8,64,1,Élite,2018,Ongoing,1,7.3,87066
tt7151672,6,164,1,Choufli Hal,2005,2009,1,9.8,2726
tt7194764,8,66,1,BuzzFeed Unsolved: True Crime,2016,2021,1,8.8,1834
tt7221388,6,51,1,Cobra Kai,2018,2023,1,8.5,198205
tt7235466,7,97,1,9-1-1,2018,Ongoing,1,7.9,41660
tt7248250,13,59,1,VideoGameDunkey,2010,Ongoing,1,9.1,1600
tt7249164,9,268,1,Penguinz0,2007,Ongoing,1,9,1610
tt7252812,6,95,1,90 Day Fiancé: Before the 90 Days,2017,Ongoing,1,6.8,1312
tt7259746,7,60,1,Queer Eye,2018,Ongoing,1,8.5,20635
tt7335184,5,41,1,You,2018,2024,1,7.7,285477
tt7414406,6,92,1,All American,2018,Ongoing,1,7.7,13397
tt7415686,7,403,1,The Kill Count,2017,Ongoing,1,9.3,1305
tt7453996,5,18,1,Jack Whitehall: Travels with My Father,2017,2021,1,7.6,5918
tt7491982,6,101,1,FBI,2018,Ongoing,1,7.1,21077
tt7549864,5,310,1,The IMDb Show,2017,Ongoing,1,6.2,1867
tt7587890,6,99,1,The Rookie,2018,Ongoing,1,8,57802
tt7605494,8,20,1,Byomkesh,2017,2023,1,8.2,1316
tt7608248,5,87,1,A Million Little Things,2018,2023,1,7.9,16287
tt7670568,9,130,1,The Masked Singer,2019,2024,1,5.9,5042
tt7686456,7,157,1,Jersey Shore: Family Vacation,2018,Ongoing,1,6.7,2219
tt7713450,5,164,1,Craig of the Creek,2018,2023,1,7.5,3069
tt7745956,5,52,1,She-Ra and the Princesses of Power,2018,2020,1,8.1,18275
tt7752034,7,34,1,Somebody Feed Phil,2018,Ongoing,1,8.3,6242
tt7817340,5,89,1,New Amsterdam,2018,2023,1,8,46802
tt7820906,5,79,1,Good Trouble,2019,Ongoing,1,7.5,8489
tt7834636,5,98,1,HIStory,2017,Ongoing,1,8.1,1261
tt7908628,6,51,1,What We Do in the Shadows,2019,Ongoing,1,8.6,93092
tt7920500,9,123,1,Skam France,2018,2023,1,8.2,3028
tt7942794,6,106,1,The Neighborhood,2018,Ongoing,1,6.7,9251
tt7942796,5,96,1,Magnum P.I.,2018,2023,1,6.2,16086
tt7967862,7,338,1,Pitch Meetings,2017,Ongoing,1,9.3,1313
tt8019444,5,51,1,Aggretsuko,2018,2023,1,8,7188
tt8045936,6,177,1,Yasak Elma,2018,2023,1,5.8,2610
tt8080054,6,40,1,Patriot Act with Hasan Minhaj,2018,2020,1,8.3,7833
tt8146760,6,120,1,Summer Camp Island,2018,2023,1,7.8,1823
tt8188114,6,100,1,Paytakht,2011,Ongoing,1,7,6513
tt8228316,7,28,1,Gandii Baat,2018,2023,1,3.4,2954
tt8284230,9,149,1,The Last Drive-In with Joe Bob Briggs,2018,Ongoing,1,9.4,1757
tt8289930,6,51,1,Formula 1: Drive to Survive,2019,Ongoing,1,8.5,47548
tt8322592,6,52,1,Fast & Furious Spy Racers,2019,2021,1,5.9,1673
tt8360352,5,52,1,SKAM Italia,2018,Ongoing,1,7.9,2401
tt8425404,5,25,1,The Bay,2019,Ongoing,1,7.1,10389
tt8486176,7,58,1,Hvite gutter,2018,Ongoing,1,8.2,1400
tt8524580,8,80,1,Druck,2018,Ongoing,1,7.8,1326
tt8543208,6,84,1,Looney Tunes Cartoons,2019,2023,1,8,1696
tt8560994,7,74,1,Friday Five Sharp,2015,Ongoing,1,9.8,4101
tt8572232,9,116,1,Ralphthemoviemaker,2013,2023,1,8.7,2124
tt8594324,5,34,1,Ghosts,2019,2023,1,8.4,21541
tt8595140,6,94,1,The Conners,2018,Ongoing,1,5.8,11588
tt8638066,9,1122,1,Hollywood Insider,2018,Ongoing,1,3.5,1396
tt8641686,6,39,1,Mortimer & Whitehouse: Gone Fishing,2018,Ongoing,1,8.9,1576
tt8688814,5,45,1,The Dragon Prince,2018,Ongoing,1,8.3,26415
tt8755712,6,33,1,The Shop,2018,Ongoing,1,6.9,1121
tt8788222,7,269,1,Scott the Woz,2017,Ongoing,1,9.3,1464
tt8810204,5,37,1,Mocro maffia,2018,Ongoing,1,8.2,3918
tt8819906,5,165,1,Love Island,2019,Ongoing,1,5,1396
tt8893550,5,35,1,Car Masters: Rust to Riches,2018,Ongoing,1,8.4,11300
tt8910922,5,42,1,Solar Opposites,2020,Ongoing,1,8,28786
tt9077530,6,55,1,Virgin River,2019,Ongoing,1,7.4,48454
tt9111220,6,86,1,Hudson & Rex,2019,Ongoing,1,7.2,3050
tt9153270,5,45,1,Family Reunion,2019,2022,1,6.6,3376
tt9169598,8,219,1,UNHhhh,2016,Ongoing,1,9.1,1753
tt9174576,5,61,1,Temptation Island,2019,Ongoing,1,6.1,1233
tt9174582,6,37,1,Brassic,2019,Ongoing,1,8.4,11094
tt9184820,5,50,1,Star Trek: Lower Decks,2020,Ongoing,1,7.7,22591
tt9293466,5,38,1,Balthazar,2018,2023,1,7.6,2160
tt9399222,5,32,1,Chylka,2018,2022,1,6.9,1043
tt9581768,5,64,1,The Circle,2020,Ongoing,1,7.3,7902
tt9615014,5,41,1,Lego Masters,2020,Ongoing,1,7.5,2904
tt9680524,5,40,1,Glow Up: Britain's Next Make-Up Star,2019,Ongoing,1,7,2830
tt9742936,5,74,1,FBI: Most Wanted,2020,Ongoing,1,6.9,9760
tt9780442,5,53,1,RuPaul's Drag Race UK,2019,Ongoing,1,8.5,4514
tt9817298,7,57,1,Selling Sunset,2019,Ongoing,1,6.6,7534
